NM_MUNICIPIO,NR_ZONA,NR_SECAO,DS_CARGO,NM_VOTAVEL,QT_VOTOS
MAGE,110,553,DEPUTADO FEDERAL,MARCOS TAVARES,18
MAGE,148,77,DEPUTADO FEDERAL,MARCOS TAVARES,1
MAGE,110,15,DEPUTADO FEDERAL,MARCOS TAVARES,4
MAGE,148,43,DEPUTADO FEDERAL,MARCOS TAVARES,3
MAGE,110,523,DEPUTADO FEDERAL,MARCOS TAVARES,1
MAGE,148,234,DEPUTADO FEDERAL,MARCOS TAVARES,1
MAGE,110,116,DEPUTADO FEDERAL,MARCOS TAVARES,3
MAGE,148,221,DEPUTADO FEDERAL,MARCOS TAVARES,2
MAGE,110,476,DEPUTADO FEDERAL,MARCOS TAVARES,1
MAGE,148,178,DEPUTADO FEDERAL,MARCOS TAVARES,7
MAGE,148,237,DEPUTADO FEDERAL,MARCOS TAVARES,7
MAGE,148,80,DEPUTADO FEDERAL,MARCOS TAVARES,2
MAGE,110,1,DEPUTADO FEDERAL,MARCOS TAVARES,3
MAGE,148,227,DEPUTADO FEDERAL,MARCOS TAVARES,6
MAGE,110,286,DEPUTADO FEDERAL,MARCOS TAVARES,2
MAGE,148,5,DEPUTADO FEDERAL,MARCOS TAVARES,8
MAGE,110,309,DEPUTADO FEDERAL,MARCOS TAVARES,4
MAGE,148,95,DEPUTADO FEDERAL,MARCOS TAVARES,6
MAGE,148,136,DEPUTADO FEDERAL,MARCOS TAVARES,10
MAGE,110,373,DEPUTADO FEDERAL,MARCOS TAVARES,2
MAGE,148,76,DEPUTADO FEDERAL,MARCOS TAVARES,3
MAGE,148,220,DEPUTADO FEDERAL,MARCOS TAVARES,3
MAGE,110,514,DEPUTADO FEDERAL,MARCOS TAVARES,3
MAGE,148,166,DEPUTADO FEDERAL,MARCOS TAVARES,6
MAGE,148,238,DEPUTADO FEDERAL,MARCOS TAVARES,6
MAGE,148,30,DEPUTADO FEDERAL,MARCOS TAVARES,3
MAGE,148,10,DEPUTADO FEDERAL,MARCOS TAVARES,3
MAGE,148,36,DEPUTADO FEDERAL,MARCOS TAVARES,2
MAGE,148,218,DEPUTADO FEDERAL,MARCOS TAVARES,9
MAGE,148,280,DEPUTADO FEDERAL,MARCOS TAVARES,1
MAGE,110,482,DEPUTADO FEDERAL,MARCOS TAVARES,4
MAGE,110,433,DEPUTADO FEDERAL,MARCOS TAVARES,4
MAGE,110,111,DEPUTADO FEDERAL,MARCOS TAVARES,1
MAGE,148,70,DEPUTADO FEDERAL,MARCOS TAVARES,1
MAGE,148,98,DEPUTADO FEDERAL,MARCOS TAVARES,10
MAGE,148,116,DEPUTADO FEDERAL,MARCOS TAVARES,8
MAGE,148,266,DEPUTADO FEDERAL,MARCOS TAVARES,2
MAGE,148,66,DEPUTADO FEDERAL,MARCOS TAVARES,2
MAGE,110,513,DEPUTADO FEDERAL,MARCOS TAVARES,3
MAGE,110,231,DEPUTADO FEDERAL,MARCOS TAVARES,1
MAGE,110,452,DEPUTADO FEDERAL,MARCOS TAVARES,1
MAGE,110,44,DEPUTADO FEDERAL,MARCOS TAVARES,2
MAGE,110,558,DEPUTADO FEDERAL,MARCOS TAVARES,3
MAGE,148,211,DEPUTADO FEDERAL,MARCOS TAVARES,8
MAGE,110,27,DEPUTADO FEDERAL,MARCOS TAVARES,4
MAGE,110,393,DEPUTADO FEDERAL,MARCOS TAVARES,11
MAGE,148,179,DEPUTADO FEDERAL,MARCOS TAVARES,2
MAGE,148,97,DEPUTADO FEDERAL,MARCOS TAVARES,4
MAGE,110,43,DEPUTADO FEDERAL,MARCOS TAVARES,2
MAGE,148,48,DEPUTADO FEDERAL,MARCOS TAVARES,6
MAGE,148,102,DEPUTADO FEDERAL,MARCOS TAVARES,3
MAGE,148,181,DEPUTADO FEDERAL,MARCOS TAVARES,6
MAGE,148,223,DEPUTADO FEDERAL,MARCOS TAVARES,4
MAGE,148,268,DEPUTADO FEDERAL,MARCOS TAVARES,4
MAGE,110,105,DEPUTADO FEDERAL,MARCOS TAVARES,4
MAGE,110,7,DEPUTADO FEDERAL,MARCOS TAVARES,2
MAGE,110,460,DEPUTADO FEDERAL,MARCOS TAVARES,3
MAGE,110,113,DEPUTADO FEDERAL,MARCOS TAVARES,2
MAGE,110,103,DEPUTADO FEDERAL,MARCOS TAVARES,3
MAGE,110,532,DEPUTADO FEDERAL,MARCOS TAVARES,11
MAGE,148,56,DEPUTADO FEDERAL,MARCOS TAVARES,1
MAGE,110,448,DEPUTADO FEDERAL,MARCOS TAVARES,9
MAGE,110,400,DEPUTADO FEDERAL,MARCOS TAVARES,6
MAGE,110,17,DEPUTADO FEDERAL,MARCOS TAVARES,3
MAGE,110,30,DEPUTADO FEDERAL,MARCOS TAVARES,1
MAGE,110,396,DEPUTADO FEDERAL,MARCOS TAVARES,5
MAGE,110,271,DEPUTADO FEDERAL,MARCOS TAVARES,4
MAGE,148,138,DEPUTADO FEDERAL,MARCOS TAVARES,8
MAGE,110,559,DEPUTADO FEDERAL,MARCOS TAVARES,5
MAGE,110,470,DEPUTADO FEDERAL,MARCOS TAVARES,7
MAGE,110,107,DEPUTADO FEDERAL,MARCOS TAVARES,1
MAGE,148,127,DEPUTADO FEDERAL,MARCOS TAVARES,6
MAGE,148,255,DEPUTADO FEDERAL,MARCOS TAVARES,3
MAGE,110,387,DEPUTADO FEDERAL,MARCOS TAVARES,8
MAGE,110,468,DEPUTADO FEDERAL,MARCOS TAVARES,2
MAGE,110,358,DEPUTADO FEDERAL,MARCOS TAVARES,1
MAGE,110,534,DEPUTADO FEDERAL,MARCOS TAVARES,1
MAGE,148,187,DEPUTADO FEDERAL,MARCOS TAVARES,10
MAGE,148,258,DEPUTADO FEDERAL,MARCOS TAVARES,2
MAGE,148,18,DEPUTADO FEDERAL,MARCOS TAVARES,2
MAGE,148,137,DEPUTADO FEDERAL,MARCOS TAVARES,4
MAGE,148,40,DEPUTADO FEDERAL,MARCOS TAVARES,5
MAGE,110,38,DEPUTADO FEDERAL,MARCOS TAVARES,1
MAGE,148,147,DEPUTADO FEDERAL,MARCOS TAVARES,5
MAGE,148,207,DEPUTADO FEDERAL,MARCOS TAVARES,7
MAGE,110,507,DEPUTADO FEDERAL,MARCOS TAVARES,6
MAGE,148,250,DEPUTADO FEDERAL,MARCOS TAVARES,5
MAGE,148,26,DEPUTADO FEDERAL,MARCOS TAVARES,6
MAGE,148,174,DEPUTADO FEDERAL,MARCOS TAVARES,4
MAGE,110,462,DEPUTADO FEDERAL,MARCOS TAVARES,13
MAGE,110,522,DEPUTADO FEDERAL,MARCOS TAVARES,9
MAGE,110,226,DEPUTADO FEDERAL,MARCOS TAVARES,1
MAGE,148,4,DEPUTADO FEDERAL,MARCOS TAVARES,4
MAGE,148,115,DEPUTADO FEDERAL,MARCOS TAVARES,6
MAGE,148,228,DEPUTADO FEDERAL,MARCOS TAVARES,4
MAGE,110,528,DEPUTADO FEDERAL,MARCOS TAVARES,4
MAGE,148,39,DEPUTADO FEDERAL,MARCOS TAVARES,5
MAGE,148,118,DEPUTADO FEDERAL,MARCOS TAVARES,5
MAGE,110,4,DEPUTADO FEDERAL,MARCOS TAVARES,1
MAGE,148,195,DEPUTADO FEDERAL,MARCOS TAVARES,8
MAGE,110,546,DEPUTADO FEDERAL,MARCOS TAVARES,3
MAGE,148,99,DEPUTADO FEDERAL,MARCOS TAVARES,4
MAGE,148,82,DEPUTADO FEDERAL,MARCOS TAVARES,3
MAGE,148,260,DEPUTADO FEDERAL,MARCOS TAVARES,4
MAGE,148,253,DEPUTADO FEDERAL,MARCOS TAVARES,2
MAGE,148,23,DEPUTADO FEDERAL,MARCOS TAVARES,5
MAGE,110,413,DEPUTADO FEDERAL,MARCOS TAVARES,8
MAGE,110,262,DEPUTADO FEDERAL,MARCOS TAVARES,2
MAGE,148,71,DEPUTADO FEDERAL,MARCOS TAVARES,1
MAGE,110,458,DEPUTADO FEDERAL,MARCOS TAVARES,6
MAGE,148,139,DEPUTADO FEDERAL,MARCOS TAVARES,4
MAGE,148,163,DEPUTADO FEDERAL,MARCOS TAVARES,1
MAGE,148,74,DEPUTADO FEDERAL,MARCOS TAVARES,3
MAGE,110,536,DEPUTADO FEDERAL,MARCOS TAVARES,3
MAGE,110,278,DEPUTADO FEDERAL,MARCOS TAVARES,4
MAGE,148,20,DEPUTADO FEDERAL,MARCOS TAVARES,3
MAGE,110,25,DEPUTADO FEDERAL,MARCOS TAVARES,6
MAGE,148,131,DEPUTADO FEDERAL,MARCOS TAVARES,9
MAGE,110,114,DEPUTADO FEDERAL,MARCOS TAVARES,1
MAGE,110,10,DEPUTADO FEDERAL,MARCOS TAVARES,3
MAGE,148,14,DEPUTADO FEDERAL,MARCOS TAVARES,4
MAGE,110,478,DEPUTADO FEDERAL,MARCOS TAVARES,6
MAGE,148,215,DEPUTADO FEDERAL,MARCOS TAVARES,3
MAGE,148,284,DEPUTADO FEDERAL,MARCOS TAVARES,7
MAGE,148,169,DEPUTADO FEDERAL,MARCOS TAVARES,3
MAGE,148,214,DEPUTADO FEDERAL,MARCOS TAVARES,2
MAGE,110,402,DEPUTADO FEDERAL,MARCOS TAVARES,8
MAGE,110,406,DEPUTADO FEDERAL,MARCOS TAVARES,9
MAGE,148,210,DEPUTADO FEDERAL,MARCOS TAVARES,1
MAGE,148,144,DEPUTADO FEDERAL,MARCOS TAVARES,14
MAGE,110,367,DEPUTADO FEDERAL,MARCOS TAVARES,1
MAGE,148,235,DEPUTADO FEDERAL,MARCOS TAVARES,2
MAGE,110,453,DEPUTADO FEDERAL,MARCOS TAVARES,8
MAGE,148,157,DEPUTADO FEDERAL,MARCOS TAVARES,5
MAGE,110,318,DEPUTADO FEDERAL,MARCOS TAVARES,5
MAGE,110,106,DEPUTADO FEDERAL,MARCOS TAVARES,1
MAGE,148,180,DEPUTADO FEDERAL,MARCOS TAVARES,3
MAGE,148,126,DEPUTADO FEDERAL,MARCOS TAVARES,4
MAGE,148,225,DEPUTADO FEDERAL,MARCOS TAVARES,8
MAGE,148,213,DEPUTADO FEDERAL,MARCOS TAVARES,12
MAGE,148,189,DEPUTADO FEDERAL,MARCOS TAVARES,4
MAGE,110,531,DEPUTADO FEDERAL,MARCOS TAVARES,3
MAGE,148,94,DEPUTADO FEDERAL,MARCOS TAVARES,3
MAGE,110,538,DEPUTADO FEDERAL,MARCOS TAVARES,6
MAGE,148,168,DEPUTADO FEDERAL,MARCOS TAVARES,1
MAGE,110,429,DEPUTADO FEDERAL,MARCOS TAVARES,1
MAGE,148,24,DEPUTADO FEDERAL,MARCOS TAVARES,3
MAGE,148,232,DEPUTADO FEDERAL,MARCOS TAVARES,1
MAGE,148,65,DEPUTADO FEDERAL,MARCOS TAVARES,3
MAGE,110,298,DEPUTADO FEDERAL,MARCOS TAVARES,5
MAGE,148,264,DEPUTADO FEDERAL,MARCOS TAVARES,1
MAGE,148,250,DEPUTADO FEDERAL,JUNINHO DO PNEU,1
MAGE,110,4,DEPUTADO FEDERAL,JUNINHO DO PNEU,1
MAGE,148,195,DEPUTADO FEDERAL,JUNINHO DO PNEU,14
MAGE,148,118,DEPUTADO FEDERAL,JUNINHO DO PNEU,3
MAGE,148,82,DEPUTADO FEDERAL,JUNINHO DO PNEU,2
MAGE,110,423,DEPUTADO FEDERAL,JUNINHO DO PNEU,31
MAGE,148,253,DEPUTADO FEDERAL,JUNINHO DO PNEU,4
MAGE,148,23,DEPUTADO FEDERAL,JUNINHO DO PNEU,1
MAGE,110,262,DEPUTADO FEDERAL,JUNINHO DO PNEU,1
MAGE,110,413,DEPUTADO FEDERAL,JUNINHO DO PNEU,1
MAGE,148,139,DEPUTADO FEDERAL,JUNINHO DO PNEU,5
MAGE,110,458,DEPUTADO FEDERAL,JUNINHO DO PNEU,25
MAGE,148,211,DEPUTADO FEDERAL,JUNINHO DO PNEU,1
MAGE,148,77,DEPUTADO FEDERAL,JUNINHO DO PNEU,2
MAGE,110,553,DEPUTADO FEDERAL,JUNINHO DO PNEU,1
MAGE,110,15,DEPUTADO FEDERAL,JUNINHO DO PNEU,1
MAGE,148,74,DEPUTADO FEDERAL,JUNINHO DO PNEU,2
MAGE,110,536,DEPUTADO FEDERAL,JUNINHO DO PNEU,1
MAGE,148,225,DEPUTADO FEDERAL,JUNINHO DO PNEU,3
MAGE,148,189,DEPUTADO FEDERAL,JUNINHO DO PNEU,2
MAGE,110,116,DEPUTADO FEDERAL,JUNINHO DO PNEU,23
MAGE,148,221,DEPUTADO FEDERAL,JUNINHO DO PNEU,2
MAGE,148,237,DEPUTADO FEDERAL,JUNINHO DO PNEU,1
MAGE,110,476,DEPUTADO FEDERAL,JUNINHO DO PNEU,1
MAGE,148,178,DEPUTADO FEDERAL,JUNINHO DO PNEU,1
MAGE,148,80,DEPUTADO FEDERAL,JUNINHO DO PNEU,4
MAGE,148,227,DEPUTADO FEDERAL,JUNINHO DO PNEU,6
MAGE,110,286,DEPUTADO FEDERAL,JUNINHO DO PNEU,2
MAGE,148,5,DEPUTADO FEDERAL,JUNINHO DO PNEU,2
MAGE,110,309,DEPUTADO FEDERAL,JUNINHO DO PNEU,1
MAGE,148,95,DEPUTADO FEDERAL,JUNINHO DO PNEU,3
MAGE,148,136,DEPUTADO FEDERAL,JUNINHO DO PNEU,1
MAGE,110,373,DEPUTADO FEDERAL,JUNINHO DO PNEU,6
MAGE,148,76,DEPUTADO FEDERAL,JUNINHO DO PNEU,6
MAGE,110,1,DEPUTADO ESTADUAL,RICARDO DA KAROL,11
MAGE,148,227,DEPUTADO ESTADUAL,RICARDO DA KAROL,21
MAGE,110,286,DEPUTADO ESTADUAL,RICARDO DA KAROL,15
MAGE,148,220,DEPUTADO FEDERAL,JUNINHO DO PNEU,1
MAGE,110,514,DEPUTADO FEDERAL,JUNINHO DO PNEU,1
MAGE,148,238,DEPUTADO FEDERAL,JUNINHO DO PNEU,2
MAGE,148,30,DEPUTADO FEDERAL,JUNINHO DO PNEU,4
MAGE,148,10,DEPUTADO FEDERAL,JUNINHO DO PNEU,5
MAGE,148,218,DEPUTADO FEDERAL,JUNINHO DO PNEU,17
MAGE,148,280,DEPUTADO FEDERAL,JUNINHO DO PNEU,1
MAGE,110,482,DEPUTADO FEDERAL,JUNINHO DO PNEU,2
MAGE,110,433,DEPUTADO FEDERAL,JUNINHO DO PNEU,21
MAGE,110,111,DEPUTADO FEDERAL,JUNINHO DO PNEU,7
MAGE,148,116,DEPUTADO FEDERAL,JUNINHO DO PNEU,4
MAGE,148,266,DEPUTADO FEDERAL,JUNINHO DO PNEU,1
MAGE,148,66,DEPUTADO FEDERAL,JUNINHO DO PNEU,1
MAGE,110,549,DEPUTADO FEDERAL,JUNINHO DO PNEU,14
MAGE,110,231,DEPUTADO FEDERAL,JUNINHO DO PNEU,1
MAGE,110,452,DEPUTADO FEDERAL,JUNINHO DO PNEU,2
MAGE,148,5,DEPUTADO ESTADUAL,RICARDO DA KAROL,24
MAGE,110,309,DEPUTADO ESTADUAL,RICARDO DA KAROL,20
MAGE,148,95,DEPUTADO ESTADUAL,RICARDO DA KAROL,19
MAGE,148,136,DEPUTADO ESTADUAL,RICARDO DA KAROL,27
MAGE,110,373,DEPUTADO ESTADUAL,RICARDO DA KAROL,9
MAGE,148,76,DEPUTADO ESTADUAL,RICARDO DA KAROL,23
MAGE,148,220,DEPUTADO ESTADUAL,RICARDO DA KAROL,22
MAGE,110,514,DEPUTADO ESTADUAL,RICARDO DA KAROL,11
MAGE,148,166,DEPUTADO ESTADUAL,RICARDO DA KAROL,15
MAGE,148,238,DEPUTADO ESTADUAL,RICARDO DA KAROL,26
MAGE,148,30,DEPUTADO ESTADUAL,RICARDO DA KAROL,19
MAGE,148,10,DEPUTADO ESTADUAL,RICARDO DA KAROL,23
MAGE,148,36,DEPUTADO ESTADUAL,RICARDO DA KAROL,61
MAGE,148,218,DEPUTADO ESTADUAL,RICARDO DA KAROL,36
MAGE,148,280,DEPUTADO ESTADUAL,RICARDO DA KAROL,15
MAGE,110,482,DEPUTADO ESTADUAL,RICARDO DA KAROL,20
MAGE,110,111,DEPUTADO ESTADUAL,RICARDO DA KAROL,15
MAGE,110,433,DEPUTADO ESTADUAL,RICARDO DA KAROL,11
MAGE,148,70,DEPUTADO ESTADUAL,RICARDO DA KAROL,8
MAGE,148,98,DEPUTADO ESTADUAL,RICARDO DA KAROL,22
MAGE,148,116,DEPUTADO ESTADUAL,RICARDO DA KAROL,24
MAGE,148,266,DEPUTADO ESTADUAL,RICARDO DA KAROL,24
MAGE,148,225,DEPUTADO ESTADUAL,RICARDO DA KAROL,25
MAGE,148,213,DEPUTADO ESTADUAL,RICARDO DA KAROL,20
MAGE,148,189,DEPUTADO ESTADUAL,RICARDO DA KAROL,17
MAGE,148,66,DEPUTADO ESTADUAL,RICARDO DA KAROL,7
MAGE,110,549,DEPUTADO ESTADUAL,RICARDO DA KAROL,10
MAGE,110,513,DEPUTADO ESTADUAL,RICARDO DA KAROL,18
MAGE,110,231,DEPUTADO ESTADUAL,RICARDO DA KAROL,12
MAGE,110,523,DEPUTADO ESTADUAL,RICARDO DA KAROL,7
MAGE,148,234,DEPUTADO ESTADUAL,RICARDO DA KAROL,18
MAGE,110,116,DEPUTADO ESTADUAL,RICARDO DA KAROL,10
MAGE,148,221,DEPUTADO ESTADUAL,RICARDO DA KAROL,6
MAGE,148,237,DEPUTADO ESTADUAL,RICARDO DA KAROL,17
MAGE,110,476,DEPUTADO ESTADUAL,RICARDO DA KAROL,12
MAGE,148,178,DEPUTADO ESTADUAL,RICARDO DA KAROL,21
MAGE,110,452,DEPUTADO ESTADUAL,RICARDO DA KAROL,1
MAGE,110,44,DEPUTADO ESTADUAL,RICARDO DA KAROL,12
MAGE,148,211,DEPUTADO ESTADUAL,RICARDO DA KAROL,23
MAGE,148,80,DEPUTADO ESTADUAL,RICARDO DA KAROL,25
MAGE,110,558,DEPUTADO ESTADUAL,RICARDO DA KAROL,15
MAGE,148,77,DEPUTADO ESTADUAL,RICARDO DA KAROL,21
MAGE,110,553,DEPUTADO ESTADUAL,RICARDO DA KAROL,44
MAGE,110,15,DEPUTADO ESTADUAL,RICARDO DA KAROL,14
MAGE,148,43,DEPUTADO ESTADUAL,RICARDO DA KAROL,12
MAGE,110,123,DEPUTADO FEDERAL,JUNINHO DO PNEU,39
MAGE,110,37,DEPUTADO FEDERAL,JUNINHO DO PNEU,1
MAGE,110,398,DEPUTADO FEDERAL,JUNINHO DO PNEU,1
MAGE,110,227,DEPUTADO FEDERAL,JUNINHO DO PNEU,25
MAGE,110,435,DEPUTADO FEDERAL,JUNINHO DO PNEU,1
MAGE,110,46,DEPUTADO FEDERAL,JUNINHO DO PNEU,3
MAGE,110,465,DEPUTADO FEDERAL,JUNINHO DO PNEU,37
MAGE,148,93,DEPUTADO FEDERAL,JUNINHO DO PNEU,1
MAGE,110,431,DEPUTADO FEDERAL,JUNINHO DO PNEU,1
MAGE,148,83,DEPUTADO FEDERAL,JUNINHO DO PNEU,3
MAGE,110,109,DEPUTADO FEDERAL,JUNINHO DO PNEU,7
MAGE,148,175,DEPUTADO FEDERAL,JUNINHO DO PNEU,20
MAGE,148,239,DEPUTADO FEDERAL,JUNINHO DO PNEU,2
MAGE,148,53,DEPUTADO FEDERAL,JUNINHO DO PNEU,3
MAGE,110,274,DEPUTADO FEDERAL,JUNINHO DO PNEU,3
MAGE,148,152,DEPUTADO FEDERAL,JUNINHO DO PNEU,6
MAGE,110,507,DEPUTADO ESTADUAL,RICARDO DA KAROL,9
MAGE,148,250,DEPUTADO ESTADUAL,RICARDO DA KAROL,24
MAGE,148,118,DEPUTADO ESTADUAL,RICARDO DA KAROL,31
MAGE,110,4,DEPUTADO ESTADUAL,RICARDO DA KAROL,10
MAGE,148,195,DEPUTADO ESTADUAL,RICARDO DA KAROL,26
MAGE,110,546,DEPUTADO ESTADUAL,RICARDO DA KAROL,7
MAGE,110,358,DEPUTADO ESTADUAL,RICARDO DA KAROL,12
MAGE,148,137,DEPUTADO ESTADUAL,RICARDO DA KAROL,18
MAGE,148,40,DEPUTADO ESTADUAL,RICARDO DA KAROL,22
MAGE,148,147,DEPUTADO ESTADUAL,RICARDO DA KAROL,37
MAGE,110,38,DEPUTADO ESTADUAL,RICARDO DA KAROL,9
MAGE,148,207,DEPUTADO ESTADUAL,RICARDO DA KAROL,23
MAGE,148,99,DEPUTADO ESTADUAL,RICARDO DA KAROL,15
MAGE,110,275,DEPUTADO ESTADUAL,RICARDO DA KAROL,6
MAGE,148,82,DEPUTADO ESTADUAL,RICARDO DA KAROL,17
MAGE,110,423,DEPUTADO ESTADUAL,RICARDO DA KAROL,7
MAGE,148,260,DEPUTADO ESTADUAL,RICARDO DA KAROL,17
MAGE,148,253,DEPUTADO ESTADUAL,RICARDO DA KAROL,32
MAGE,148,23,DEPUTADO ESTADUAL,RICARDO DA KAROL,18
MAGE,110,262,DEPUTADO ESTADUAL,RICARDO DA KAROL,11
MAGE,110,413,DEPUTADO ESTADUAL,RICARDO DA KAROL,12
MAGE,148,71,DEPUTADO ESTADUAL,RICARDO DA KAROL,12
MAGE,148,74,DEPUTADO ESTADUAL,RICARDO DA KAROL,23
MAGE,110,536,DEPUTADO ESTADUAL,RICARDO DA KAROL,12
MAGE,148,131,DEPUTADO ESTADUAL,RICARDO DA KAROL,19
MAGE,148,139,DEPUTADO ESTADUAL,RICARDO DA KAROL,28
MAGE,110,458,DEPUTADO ESTADUAL,RICARDO DA KAROL,9
MAGE,148,163,DEPUTADO ESTADUAL,RICARDO DA KAROL,53
MAGE,110,451,DEPUTADO FEDERAL,MARCOS TAVARES,26
MAGE,110,524,DEPUTADO FEDERAL,MARCOS TAVARES,2
MAGE,148,7,DEPUTADO FEDERAL,MARCOS TAVARES,7
MAGE,148,230,DEPUTADO FEDERAL,MARCOS TAVARES,4
MAGE,110,541,DEPUTADO FEDERAL,MARCOS TAVARES,1
MAGE,148,11,DEPUTADO FEDERAL,MARCOS TAVARES,4
MAGE,148,155,DEPUTADO FEDERAL,MARCOS TAVARES,1
MAGE,148,142,DEPUTADO FEDERAL,JUNINHO DO PNEU,4
MAGE,148,274,DEPUTADO FEDERAL,JUNINHO DO PNEU,1
MAGE,148,25,DEPUTADO FEDERAL,JUNINHO DO PNEU,4
MAGE,110,417,DEPUTADO FEDERAL,JUNINHO DO PNEU,37
MAGE,110,557,DEPUTADO FEDERAL,JUNINHO DO PNEU,41
MAGE,110,365,DEPUTADO FEDERAL,JUNINHO DO PNEU,38
MAGE,148,159,DEPUTADO FEDERAL,MARCOS TAVARES,3
MAGE,110,446,DEPUTADO FEDERAL,MARCOS TAVARES,4
MAGE,110,426,DEPUTADO FEDERAL,JUNINHO DO PNEU,4
MAGE,110,479,DEPUTADO FEDERAL,MARCOS TAVARES,1
MAGE,110,503,DEPUTADO FEDERAL,MARCOS TAVARES,2
MAGE,110,497,DEPUTADO FEDERAL,MARCOS TAVARES,6
MAGE,148,256,DEPUTADO FEDERAL,MARCOS TAVARES,6
MAGE,110,251,DEPUTADO FEDERAL,JUNINHO DO PNEU,41
MAGE,110,48,DEPUTADO FEDERAL,MARCOS TAVARES,1
MAGE,148,79,DEPUTADO FEDERAL,MARCOS TAVARES,5
MAGE,148,281,DEPUTADO FEDERAL,MARCOS TAVARES,3
MAGE,148,86,DEPUTADO FEDERAL,MARCOS TAVARES,7
MAGE,110,33,DEPUTADO FEDERAL,JUNINHO DO PNEU,1
MAGE,110,120,DEPUTADO FEDERAL,MARCOS TAVARES,13
MAGE,148,125,DEPUTADO FEDERAL,MARCOS TAVARES,5
MAGE,148,3,DEPUTADO FEDERAL,MARCOS TAVARES,6
MAGE,148,119,DEPUTADO FEDERAL,JUNINHO DO PNEU,3
MAGE,148,202,DEPUTADO FEDERAL,JUNINHO DO PNEU,1
MAGE,148,111,DEPUTADO FEDERAL,JUNINHO DO PNEU,7
MAGE,148,154,DEPUTADO FEDERAL,JUNINHO DO PNEU,1
MAGE,110,537,DEPUTADO FEDERAL,JUNINHO DO PNEU,1
MAGE,110,102,DEPUTADO FEDERAL,JUNINHO DO PNEU,11
MAGE,110,505,DEPUTADO FEDERAL,JUNINHO DO PNEU,1
MAGE,110,455,DEPUTADO FEDERAL,JUNINHO DO PNEU,13
MAGE,148,176,DEPUTADO FEDERAL,MARCOS TAVARES,6
MAGE,148,122,DEPUTADO FEDERAL,MARCOS TAVARES,3
MAGE,148,6,DEPUTADO FEDERAL,MARCOS TAVARES,7
MAGE,148,75,DEPUTADO FEDERAL,MARCOS TAVARES,3
MAGE,110,340,DEPUTADO FEDERAL,MARCOS TAVARES,1
MAGE,148,140,DEPUTADO FEDERAL,MARCOS TAVARES,8
MAGE,110,390,DEPUTADO FEDERAL,MARCOS TAVARES,2
MAGE,110,485,DEPUTADO FEDERAL,MARCOS TAVARES,1
MAGE,110,501,DEPUTADO FEDERAL,MARCOS TAVARES,4
MAGE,148,262,DEPUTADO FEDERAL,MARCOS TAVARES,4
MAGE,110,454,DEPUTADO FEDERAL,MARCOS TAVARES,6
MAGE,148,63,DEPUTADO FEDERAL,MARCOS TAVARES,5
MAGE,148,212,DEPUTADO FEDERAL,MARCOS TAVARES,2
MAGE,110,121,DEPUTADO FEDERAL,MARCOS TAVARES,3
MAGE,110,288,DEPUTADO FEDERAL,MARCOS TAVARES,3
MAGE,110,245,DEPUTADO FEDERAL,MARCOS TAVARES,1
MAGE,148,171,DEPUTADO FEDERAL,MARCOS TAVARES,7
MAGE,148,276,DEPUTADO FEDERAL,MARCOS TAVARES,9
MAGE,148,216,DEPUTADO FEDERAL,MARCOS TAVARES,2
MAGE,148,15,DEPUTADO FEDERAL,MARCOS TAVARES,4
MAGE,148,27,DEPUTADO FEDERAL,MARCOS TAVARES,2
MAGE,110,119,DEPUTADO FEDERAL,MARCOS TAVARES,2
MAGE,110,467,DEPUTADO FEDERAL,MARCOS TAVARES,3
MAGE,148,132,DEPUTADO FEDERAL,MARCOS TAVARES,4
MAGE,110,11,DEPUTADO FEDERAL,MARCOS TAVARES,2
MAGE,110,24,DEPUTADO FEDERAL,MARCOS TAVARES,2
MAGE,148,42,DEPUTADO FEDERAL,MARCOS TAVARES,1
MAGE,110,305,DEPUTADO FEDERAL,MARCOS TAVARES,3
MAGE,110,392,DEPUTADO FEDERAL,MARCOS TAVARES,3
MAGE,148,279,DEPUTADO FEDERAL,MARCOS TAVARES,2
MAGE,148,242,DEPUTADO FEDERAL,MARCOS TAVARES,3
MAGE,110,334,DEPUTADO FEDERAL,MARCOS TAVARES,1
MAGE,148,38,DEPUTADO FEDERAL,MARCOS TAVARES,7
MAGE,148,2,DEPUTADO FEDERAL,MARCOS TAVARES,1
MAGE,110,316,DEPUTADO FEDERAL,MARCOS TAVARES,7
MAGE,148,133,DEPUTADO FEDERAL,MARCOS TAVARES,4
MAGE,110,486,DEPUTADO FEDERAL,MARCOS TAVARES,4
MAGE,148,141,DEPUTADO FEDERAL,MARCOS TAVARES,1
MAGE,110,14,DEPUTADO FEDERAL,MARCOS TAVARES,1
MAGE,110,556,DEPUTADO FEDERAL,MARCOS TAVARES,3
MAGE,110,395,DEPUTADO FEDERAL,MARCOS TAVARES,1
MAGE,110,442,DEPUTADO FEDERAL,MARCOS TAVARES,2
MAGE,110,530,DEPUTADO FEDERAL,MARCOS TAVARES,1
MAGE,110,240,DEPUTADO FEDERAL,MARCOS TAVARES,3
MAGE,148,129,DEPUTADO FEDERAL,MARCOS TAVARES,2
MAGE,110,484,DEPUTADO FEDERAL,MARCOS TAVARES,1
MAGE,110,118,DEPUTADO FEDERAL,MARCOS TAVARES,4
MAGE,110,424,DEPUTADO FEDERAL,MARCOS TAVARES,1
MAGE,110,8,DEPUTADO FEDERAL,MARCOS TAVARES,1
MAGE,148,47,DEPUTADO FEDERAL,MARCOS TAVARES,1
MAGE,148,110,DEPUTADO FEDERAL,MARCOS TAVARES,3
MAGE,110,26,DEPUTADO FEDERAL,MARCOS TAVARES,4
MAGE,148,148,DEPUTADO FEDERAL,MARCOS TAVARES,1
MAGE,110,19,DEPUTADO FEDERAL,MARCOS TAVARES,3
MAGE,110,398,DEPUTADO FEDERAL,MARCOS TAVARES,3
MAGE,148,50,DEPUTADO FEDERAL,MARCOS TAVARES,5
MAGE,110,37,DEPUTADO FEDERAL,MARCOS TAVARES,2
MAGE,110,435,DEPUTADO FEDERAL,MARCOS TAVARES,1
MAGE,110,227,DEPUTADO FEDERAL,MARCOS TAVARES,5
MAGE,110,495,DEPUTADO FEDERAL,MARCOS TAVARES,8
MAGE,110,46,DEPUTADO FEDERAL,MARCOS TAVARES,1
MAGE,110,285,DEPUTADO FEDERAL,MARCOS TAVARES,2
MAGE,110,465,DEPUTADO FEDERAL,MARCOS TAVARES,4
MAGE,148,32,DEPUTADO FEDERAL,JUNINHO DO PNEU,4
MAGE,148,188,DEPUTADO FEDERAL,JUNINHO DO PNEU,5
MAGE,148,209,DEPUTADO FEDERAL,JUNINHO DO PNEU,3
MAGE,148,185,DEPUTADO FEDERAL,JUNINHO DO PNEU,3
MAGE,110,456,DEPUTADO FEDERAL,JUNINHO DO PNEU,20
MAGE,110,428,DEPUTADO FEDERAL,JUNINHO DO PNEU,3
MAGE,110,330,DEPUTADO FEDERAL,JUNINHO DO PNEU,4
MAGE,110,447,DEPUTADO FEDERAL,JUNINHO DO PNEU,11
MAGE,148,167,DEPUTADO FEDERAL,JUNINHO DO PNEU,1
MAGE,110,463,DEPUTADO FEDERAL,JUNINHO DO PNEU,23
MAGE,110,488,DEPUTADO FEDERAL,JUNINHO DO PNEU,46
MAGE,148,271,DEPUTADO FEDERAL,JUNINHO DO PNEU,1
MAGE,110,493,DEPUTADO FEDERAL,JUNINHO DO PNEU,1
MAGE,148,33,DEPUTADO FEDERAL,JUNINHO DO PNEU,1
MAGE,110,404,DEPUTADO FEDERAL,JUNINHO DO PNEU,11
MAGE,148,93,DEPUTADO FEDERAL,MARCOS TAVARES,3
MAGE,148,90,DEPUTADO FEDERAL,JUNINHO DO PNEU,1
MAGE,110,543,DEPUTADO FEDERAL,JUNINHO DO PNEU,10
MAGE,110,241,DEPUTADO FEDERAL,JUNINHO DO PNEU,1
MAGE,148,197,DEPUTADO FEDERAL,JUNINHO DO PNEU,1
MAGE,148,261,DEPUTADO FEDERAL,JUNINHO DO PNEU,5
MAGE,110,125,DEPUTADO FEDERAL,JUNINHO DO PNEU,36
MAGE,110,540,DEPUTADO FEDERAL,JUNINHO DO PNEU,33
MAGE,148,150,DEPUTADO FEDERAL,JUNINHO DO PNEU,3
MAGE,110,500,DEPUTADO FEDERAL,MARCOS TAVARES,2
MAGE,148,88,DEPUTADO FEDERAL,MARCOS TAVARES,3
MAGE,148,265,DEPUTADO FEDERAL,JUNINHO DO PNEU,23
MAGE,148,278,DEPUTADO FEDERAL,JUNINHO DO PNEU,1
MAGE,110,542,DEPUTADO FEDERAL,JUNINHO DO PNEU,1
MAGE,148,100,DEPUTADO FEDERAL,JUNINHO DO PNEU,2
MAGE,110,283,DEPUTADO FEDERAL,JUNINHO DO PNEU,2
MAGE,148,59,DEPUTADO FEDERAL,JUNINHO DO PNEU,1
MAGE,110,414,DEPUTADO FEDERAL,JUNINHO DO PNEU,30
MAGE,148,285,DEPUTADO FEDERAL,JUNINHO DO PNEU,3
MAGE,148,89,DEPUTADO FEDERAL,JUNINHO DO PNEU,5
MAGE,110,408,DEPUTADO FEDERAL,JUNINHO DO PNEU,1
MAGE,110,16,DEPUTADO FEDERAL,JUNINHO DO PNEU,1
MAGE,148,12,DEPUTADO FEDERAL,JUNINHO DO PNEU,2
MAGE,110,117,DEPUTADO FEDERAL,JUNINHO DO PNEU,31
MAGE,110,407,DEPUTADO FEDERAL,JUNINHO DO PNEU,41
MAGE,110,268,DEPUTADO FEDERAL,JUNINHO DO PNEU,1
MAGE,148,68,DEPUTADO FEDERAL,JUNINHO DO PNEU,2
MAGE,110,551,DEPUTADO FEDERAL,JUNINHO DO PNEU,10
MAGE,110,422,DEPUTADO FEDERAL,JUNINHO DO PNEU,14
MAGE,148,104,DEPUTADO FEDERAL,JUNINHO DO PNEU,3
MAGE,110,112,DEPUTADO FEDERAL,JUNINHO DO PNEU,8
MAGE,148,58,DEPUTADO FEDERAL,JUNINHO DO PNEU,3
MAGE,110,122,DEPUTADO FEDERAL,JUNINHO DO PNEU,39
MAGE,110,520,DEPUTADO FEDERAL,JUNINHO DO PNEU,1
MAGE,148,196,DEPUTADO FEDERAL,JUNINHO DO PNEU,4
MAGE,110,250,DEPUTADO FEDERAL,JUNINHO DO PNEU,28
MAGE,110,238,DEPUTADO FEDERAL,JUNINHO DO PNEU,10
MAGE,110,434,DEPUTADO FEDERAL,JUNINHO DO PNEU,23
MAGE,148,91,DEPUTADO FEDERAL,JUNINHO DO PNEU,3
MAGE,110,274,DEPUTADO FEDERAL,MARCOS TAVARES,1
MAGE,110,419,DEPUTADO FEDERAL,MARCOS TAVARES,2
MAGE,148,31,DEPUTADO FEDERAL,MARCOS TAVARES,5
MAGE,148,83,DEPUTADO FEDERAL,MARCOS TAVARES,6
MAGE,148,53,DEPUTADO FEDERAL,MARCOS TAVARES,3
MAGE,148,175,DEPUTADO FEDERAL,MARCOS TAVARES,3
MAGE,148,239,DEPUTADO FEDERAL,MARCOS TAVARES,5
MAGE,110,109,DEPUTADO FEDERAL,MARCOS TAVARES,4
MAGE,110,331,DEPUTADO FEDERAL,MARCOS TAVARES,5
MAGE,110,12,DEPUTADO FEDERAL,MARCOS TAVARES,3
MAGE,148,182,DEPUTADO FEDERAL,MARCOS TAVARES,4
MAGE,148,257,DEPUTADO FEDERAL,MARCOS TAVARES,4
MAGE,148,87,DEPUTADO FEDERAL,MARCOS TAVARES,3
MAGE,148,245,DEPUTADO FEDERAL,MARCOS TAVARES,5
MAGE,148,103,DEPUTADO FEDERAL,MARCOS TAVARES,3
MAGE,148,224,DEPUTADO FEDERAL,MARCOS TAVARES,7
MAGE,148,184,DEPUTADO FEDERAL,MARCOS TAVARES,2
MAGE,110,515,DEPUTADO FEDERAL,MARCOS TAVARES,3
MAGE,148,193,DEPUTADO FEDERAL,MARCOS TAVARES,1
MAGE,110,459,DEPUTADO FEDERAL,MARCOS TAVARES,2
MAGE,110,525,DEPUTADO FEDERAL,MARCOS TAVARES,6
MAGE,148,201,DEPUTADO FEDERAL,MARCOS TAVARES,3
MAGE,110,127,DEPUTADO FEDERAL,MARCOS TAVARES,4
MAGE,110,444,DEPUTADO FEDERAL,MARCOS TAVARES,10
MAGE,148,62,DEPUTADO FEDERAL,MARCOS TAVARES,5
MAGE,148,177,DEPUTADO FEDERAL,MARCOS TAVARES,1
MAGE,110,32,DEPUTADO FEDERAL,MARCOS TAVARES,2
MAGE,110,126,DEPUTADO FEDERAL,MARCOS TAVARES,4
MAGE,148,124,DEPUTADO FEDERAL,MARCOS TAVARES,8
MAGE,148,135,DEPUTADO FEDERAL,MARCOS TAVARES,2
MAGE,148,164,DEPUTADO FEDERAL,MARCOS TAVARES,8
MAGE,148,113,DEPUTADO FEDERAL,MARCOS TAVARES,6
MAGE,110,51,DEPUTADO FEDERAL,MARCOS TAVARES,2
MAGE,148,240,DEPUTADO FEDERAL,MARCOS TAVARES,3
MAGE,148,28,DEPUTADO FEDERAL,MARCOS TAVARES,4
MAGE,148,29,DEPUTADO FEDERAL,MARCOS TAVARES,3
MAGE,148,61,DEPUTADO FEDERAL,MARCOS TAVARES,6
MAGE,110,508,DEPUTADO FEDERAL,MARCOS TAVARES,2
MAGE,148,64,DEPUTADO FEDERAL,MARCOS TAVARES,2
MAGE,110,443,DEPUTADO FEDERAL,MARCOS TAVARES,1
MAGE,110,489,DEPUTADO FEDERAL,MARCOS TAVARES,1
MAGE,110,420,DEPUTADO FEDERAL,MARCOS TAVARES,4
MAGE,110,23,DEPUTADO FEDERAL,MARCOS TAVARES,3
MAGE,148,149,DEPUTADO FEDERAL,MARCOS TAVARES,2
MAGE,110,394,DEPUTADO FEDERAL,MARCOS TAVARES,7
MAGE,148,145,DEPUTADO FEDERAL,MARCOS TAVARES,3
MAGE,148,192,DEPUTADO FEDERAL,MARCOS TAVARES,8
MAGE,110,496,DEPUTADO FEDERAL,MARCOS TAVARES,2
MAGE,148,252,DEPUTADO FEDERAL,MARCOS TAVARES,3
MAGE,110,39,DEPUTADO FEDERAL,MARCOS TAVARES,1
MAGE,110,6,DEPUTADO FEDERAL,MARCOS TAVARES,1
MAGE,110,439,DEPUTADO FEDERAL,MARCOS TAVARES,1
MAGE,148,233,DEPUTADO FEDERAL,MARCOS TAVARES,5
MAGE,110,555,DEPUTADO FEDERAL,MARCOS TAVARES,10
MAGE,110,533,DEPUTADO FEDERAL,MARCOS TAVARES,5
MAGE,110,529,DEPUTADO FEDERAL,MARCOS TAVARES,8
MAGE,110,516,DEPUTADO FEDERAL,MARCOS TAVARES,1
MAGE,148,243,DEPUTADO FEDERAL,MARCOS TAVARES,3
MAGE,148,282,DEPUTADO FEDERAL,MARCOS TAVARES,9
MAGE,148,130,DEPUTADO FEDERAL,MARCOS TAVARES,2
MAGE,148,236,DEPUTADO FEDERAL,MARCOS TAVARES,5
MAGE,148,83,DEPUTADO ESTADUAL,RICARDO DA KAROL,24
MAGE,110,109,DEPUTADO ESTADUAL,RICARDO DA KAROL,11
MAGE,148,239,DEPUTADO ESTADUAL,RICARDO DA KAROL,17
MAGE,148,53,DEPUTADO ESTADUAL,RICARDO DA KAROL,21
MAGE,148,175,DEPUTADO ESTADUAL,RICARDO DA KAROL,34
MAGE,110,475,DEPUTADO FEDERAL,JUNINHO DO PNEU,3
MAGE,148,21,DEPUTADO FEDERAL,JUNINHO DO PNEU,1
MAGE,148,143,DEPUTADO FEDERAL,JUNINHO DO PNEU,1
MAGE,110,526,DEPUTADO FEDERAL,MARCOS TAVARES,2
MAGE,148,274,DEPUTADO FEDERAL,MARCOS TAVARES,5
MAGE,148,142,DEPUTADO FEDERAL,MARCOS TAVARES,10
MAGE,148,25,DEPUTADO FEDERAL,MARCOS TAVARES,5
MAGE,148,49,DEPUTADO FEDERAL,MARCOS TAVARES,4
MAGE,110,417,DEPUTADO FEDERAL,MARCOS TAVARES,3
MAGE,110,297,DEPUTADO FEDERAL,MARCOS TAVARES,4
MAGE,110,557,DEPUTADO FEDERAL,MARCOS TAVARES,7
MAGE,110,365,DEPUTADO FEDERAL,MARCOS TAVARES,4
MAGE,110,481,DEPUTADO FEDERAL,MARCOS TAVARES,1
MAGE,148,44,DEPUTADO FEDERAL,MARCOS TAVARES,3
MAGE,148,119,DEPUTADO FEDERAL,MARCOS TAVARES,1
MAGE,110,499,DEPUTADO FEDERAL,MARCOS TAVARES,5
MAGE,148,202,DEPUTADO FEDERAL,MARCOS TAVARES,5
MAGE,148,69,DEPUTADO FEDERAL,MARCOS TAVARES,2
MAGE,110,102,DEPUTADO FEDERAL,MARCOS TAVARES,1
MAGE,110,537,DEPUTADO FEDERAL,MARCOS TAVARES,1
MAGE,148,111,DEPUTADO FEDERAL,MARCOS TAVARES,5
MAGE,148,154,DEPUTADO FEDERAL,MARCOS TAVARES,1
MAGE,110,505,DEPUTADO FEDERAL,MARCOS TAVARES,3
MAGE,110,455,DEPUTADO FEDERAL,MARCOS TAVARES,4
MAGE,110,123,DEPUTADO FEDERAL,MARCOS TAVARES,10
MAGE,110,295,DEPUTADO FEDERAL,MARCOS TAVARES,3
MAGE,110,251,DEPUTADO FEDERAL,MARCOS TAVARES,3
MAGE,110,416,DEPUTADO FEDERAL,MARCOS TAVARES,7
MAGE,110,518,DEPUTADO FEDERAL,MARCOS TAVARES,1
MAGE,110,33,DEPUTADO FEDERAL,MARCOS TAVARES,3
MAGE,110,227,DEPUTADO ESTADUAL,RICARDO DA KAROL,21
MAGE,110,435,DEPUTADO ESTADUAL,RICARDO DA KAROL,8
MAGE,110,495,DEPUTADO ESTADUAL,RICARDO DA KAROL,23
MAGE,110,46,DEPUTADO ESTADUAL,RICARDO DA KAROL,14
MAGE,110,285,DEPUTADO ESTADUAL,RICARDO DA KAROL,7
MAGE,110,465,DEPUTADO ESTADUAL,RICARDO DA KAROL,8
MAGE,148,93,DEPUTADO ESTADUAL,RICARDO DA KAROL,17
MAGE,110,431,DEPUTADO ESTADUAL,RICARDO DA KAROL,9
MAGE,110,251,DEPUTADO ESTADUAL,RICARDO DA KAROL,5
MAGE,110,416,DEPUTADO ESTADUAL,RICARDO DA KAROL,20
MAGE,110,518,DEPUTADO ESTADUAL,RICARDO DA KAROL,4
MAGE,110,33,DEPUTADO ESTADUAL,RICARDO DA KAROL,14
MAGE,110,358,DEPUTADO FEDERAL,JUNINHO DO PNEU,27
MAGE,148,137,DEPUTADO FEDERAL,JUNINHO DO PNEU,1
MAGE,148,40,DEPUTADO FEDERAL,JUNINHO DO PNEU,2
MAGE,148,147,DEPUTADO FEDERAL,JUNINHO DO PNEU,4
MAGE,110,38,DEPUTADO FEDERAL,JUNINHO DO PNEU,1
MAGE,148,207,DEPUTADO FEDERAL,JUNINHO DO PNEU,1
MAGE,110,295,DEPUTADO ESTADUAL,RICARDO DA KAROL,12
MAGE,148,119,DEPUTADO ESTADUAL,RICARDO DA KAROL,14
MAGE,110,499,DEPUTADO ESTADUAL,RICARDO DA KAROL,16
MAGE,148,202,DEPUTADO ESTADUAL,RICARDO DA KAROL,16
MAGE,148,69,DEPUTADO ESTADUAL,RICARDO DA KAROL,10
MAGE,148,88,DEPUTADO ESTADUAL,RICARDO DA KAROL,6
MAGE,110,274,DEPUTADO ESTADUAL,RICARDO DA KAROL,5
MAGE,110,419,DEPUTADO ESTADUAL,RICARDO DA KAROL,5
MAGE,148,152,DEPUTADO ESTADUAL,RICARDO DA KAROL,35
MAGE,148,111,DEPUTADO ESTADUAL,RICARDO DA KAROL,31
MAGE,110,537,DEPUTADO ESTADUAL,RICARDO DA KAROL,13
MAGE,110,102,DEPUTADO ESTADUAL,RICARDO DA KAROL,11
MAGE,148,154,DEPUTADO ESTADUAL,RICARDO DA KAROL,8
MAGE,110,505,DEPUTADO ESTADUAL,RICARDO DA KAROL,10
MAGE,110,455,DEPUTADO ESTADUAL,RICARDO DA KAROL,13
MAGE,110,123,DEPUTADO ESTADUAL,RICARDO DA KAROL,22
MAGE,110,500,DEPUTADO ESTADUAL,RICARDO DA KAROL,9
MAGE,110,225,DEPUTADO ESTADUAL,RICARDO DA KAROL,10
MAGE,110,22,DEPUTADO ESTADUAL,RICARDO DA KAROL,26
MAGE,148,50,DEPUTADO ESTADUAL,RICARDO DA KAROL,19
MAGE,110,37,DEPUTADO ESTADUAL,RICARDO DA KAROL,9
MAGE,110,398,DEPUTADO ESTADUAL,RICARDO DA KAROL,25
MAGE,148,31,DEPUTADO ESTADUAL,RICARDO DA KAROL,23
MAGE,110,31,DEPUTADO ESTADUAL,RICARDO DA KAROL,8
MAGE,110,526,DEPUTADO ESTADUAL,RICARDO DA KAROL,9
MAGE,148,142,DEPUTADO ESTADUAL,RICARDO DA KAROL,30
MAGE,148,274,DEPUTADO ESTADUAL,RICARDO DA KAROL,23
MAGE,148,259,DEPUTADO ESTADUAL,RICARDO DA KAROL,8
MAGE,110,409,DEPUTADO ESTADUAL,RICARDO DA KAROL,17
MAGE,148,101,DEPUTADO ESTADUAL,RICARDO DA KAROL,17
MAGE,148,162,DEPUTADO ESTADUAL,RICARDO DA KAROL,15
MAGE,148,41,DEPUTADO ESTADUAL,RICARDO DA KAROL,15
MAGE,148,247,DEPUTADO ESTADUAL,RICARDO DA KAROL,22
MAGE,110,466,DEPUTADO ESTADUAL,RICARDO DA KAROL,5
MAGE,110,511,DEPUTADO ESTADUAL,RICARDO DA KAROL,24
MAGE,110,445,DEPUTADO ESTADUAL,RICARDO DA KAROL,8
MAGE,110,101,DEPUTADO ESTADUAL,RICARDO DA KAROL,13
MAGE,110,504,DEPUTADO ESTADUAL,RICARDO DA KAROL,8
MAGE,110,487,DEPUTADO ESTADUAL,RICARDO DA KAROL,11
MAGE,148,106,DEPUTADO ESTADUAL,RICARDO DA KAROL,5
MAGE,110,291,DEPUTADO ESTADUAL,RICARDO DA KAROL,18
MAGE,148,165,DEPUTADO ESTADUAL,RICARDO DA KAROL,18
MAGE,110,391,DEPUTADO ESTADUAL,RICARDO DA KAROL,11
MAGE,148,45,DEPUTADO ESTADUAL,RICARDO DA KAROL,28
MAGE,110,548,DEPUTADO ESTADUAL,RICARDO DA KAROL,7
MAGE,110,474,DEPUTADO ESTADUAL,RICARDO DA KAROL,13
MAGE,148,244,DEPUTADO ESTADUAL,RICARDO DA KAROL,7
MAGE,148,121,DEPUTADO ESTADUAL,RICARDO DA KAROL,24
MAGE,148,25,DEPUTADO ESTADUAL,RICARDO DA KAROL,16
MAGE,148,49,DEPUTADO ESTADUAL,RICARDO DA KAROL,75
MAGE,110,417,DEPUTADO ESTADUAL,RICARDO DA KAROL,7
MAGE,110,297,DEPUTADO ESTADUAL,RICARDO DA KAROL,6
MAGE,110,557,DEPUTADO ESTADUAL,RICARDO DA KAROL,15
MAGE,110,365,DEPUTADO ESTADUAL,RICARDO DA KAROL,8
MAGE,110,481,DEPUTADO ESTADUAL,RICARDO DA KAROL,22
MAGE,148,44,DEPUTADO ESTADUAL,RICARDO DA KAROL,21
MAGE,110,426,DEPUTADO ESTADUAL,RICARDO DA KAROL,9
MAGE,148,9,DEPUTADO ESTADUAL,RICARDO DA KAROL,23
MAGE,110,441,DEPUTADO ESTADUAL,RICARDO DA KAROL,11
MAGE,148,1,DEPUTADO ESTADUAL,RICARDO DA KAROL,11
MAGE,148,206,DEPUTADO ESTADUAL,RICARDO DA KAROL,29
MAGE,148,249,DEPUTADO ESTADUAL,RICARDO DA KAROL,14
MAGE,110,539,DEPUTADO ESTADUAL,RICARDO DA KAROL,6
MAGE,148,67,DEPUTADO ESTADUAL,RICARDO DA KAROL,13
MAGE,148,209,DEPUTADO ESTADUAL,RICARDO DA KAROL,27
MAGE,148,188,DEPUTADO ESTADUAL,RICARDO DA KAROL,26
MAGE,110,9,DEPUTADO ESTADUAL,RICARDO DA KAROL,25
MAGE,148,32,DEPUTADO ESTADUAL,RICARDO DA KAROL,29
MAGE,110,34,DEPUTADO ESTADUAL,RICARDO DA KAROL,16
MAGE,148,185,DEPUTADO ESTADUAL,RICARDO DA KAROL,27
MAGE,110,456,DEPUTADO ESTADUAL,RICARDO DA KAROL,23
MAGE,110,428,DEPUTADO ESTADUAL,RICARDO DA KAROL,30
MAGE,110,512,DEPUTADO ESTADUAL,RICARDO DA KAROL,12
MAGE,148,186,DEPUTADO ESTADUAL,RICARDO DA KAROL,25
MAGE,148,54,DEPUTADO ESTADUAL,RICARDO DA KAROL,4
MAGE,148,251,DEPUTADO ESTADUAL,RICARDO DA KAROL,22
MAGE,148,16,DEPUTADO ESTADUAL,RICARDO DA KAROL,31
MAGE,110,366,DEPUTADO ESTADUAL,RICARDO DA KAROL,49
MAGE,110,491,DEPUTADO ESTADUAL,RICARDO DA KAROL,14
MAGE,148,73,DEPUTADO ESTADUAL,RICARDO DA KAROL,11
MAGE,148,90,DEPUTADO ESTADUAL,RICARDO DA KAROL,22
MAGE,110,330,DEPUTADO ESTADUAL,RICARDO DA KAROL,11
MAGE,110,447,DEPUTADO ESTADUAL,RICARDO DA KAROL,15
MAGE,110,535,DEPUTADO ESTADUAL,RICARDO DA KAROL,10
MAGE,148,167,DEPUTADO ESTADUAL,RICARDO DA KAROL,26
MAGE,110,463,DEPUTADO ESTADUAL,RICARDO DA KAROL,13
MAGE,110,421,DEPUTADO ESTADUAL,RICARDO DA KAROL,16
MAGE,110,29,DEPUTADO ESTADUAL,RICARDO DA KAROL,8
MAGE,110,492,DEPUTADO ESTADUAL,RICARDO DA KAROL,11
MAGE,148,267,DEPUTADO ESTADUAL,RICARDO DA KAROL,19
MAGE,148,194,DEPUTADO ESTADUAL,RICARDO DA KAROL,15
MAGE,110,472,DEPUTADO ESTADUAL,RICARDO DA KAROL,6
MAGE,148,248,DEPUTADO ESTADUAL,RICARDO DA KAROL,18
MAGE,110,488,DEPUTADO ESTADUAL,RICARDO DA KAROL,15
MAGE,110,509,DEPUTADO ESTADUAL,RICARDO DA KAROL,10
MAGE,148,208,DEPUTADO ESTADUAL,RICARDO DA KAROL,24
MAGE,110,517,DEPUTADO ESTADUAL,RICARDO DA KAROL,4
MAGE,148,271,DEPUTADO ESTADUAL,RICARDO DA KAROL,10
MAGE,110,554,DEPUTADO ESTADUAL,RICARDO DA KAROL,6
MAGE,148,246,DEPUTADO ESTADUAL,RICARDO DA KAROL,17
MAGE,110,547,DEPUTADO ESTADUAL,RICARDO DA KAROL,18
MAGE,148,231,DEPUTADO ESTADUAL,RICARDO DA KAROL,18
MAGE,148,120,DEPUTADO ESTADUAL,RICARDO DA KAROL,23
MAGE,110,352,DEPUTADO ESTADUAL,RICARDO DA KAROL,10
MAGE,148,241,DEPUTADO ESTADUAL,RICARDO DA KAROL,22
MAGE,110,550,DEPUTADO ESTADUAL,RICARDO DA KAROL,10
MAGE,148,134,DEPUTADO ESTADUAL,RICARDO DA KAROL,30
MAGE,110,321,DEPUTADO ESTADUAL,RICARDO DA KAROL,16
MAGE,148,219,DEPUTADO ESTADUAL,RICARDO DA KAROL,13
MAGE,148,277,DEPUTADO ESTADUAL,RICARDO DA KAROL,24
MAGE,110,521,DEPUTADO ESTADUAL,RICARDO DA KAROL,13
MAGE,148,272,DEPUTADO ESTADUAL,RICARDO DA KAROL,15
MAGE,110,543,DEPUTADO ESTADUAL,RICARDO DA KAROL,14
MAGE,148,273,DEPUTADO ESTADUAL,RICARDO DA KAROL,24
MAGE,110,483,DEPUTADO ESTADUAL,RICARDO DA KAROL,5
MAGE,148,229,DEPUTADO ESTADUAL,RICARDO DA KAROL,32
MAGE,148,222,DEPUTADO ESTADUAL,RICARDO DA KAROL,21
MAGE,148,112,DEPUTADO ESTADUAL,RICARDO DA KAROL,22
MAGE,148,72,DEPUTADO ESTADUAL,RICARDO DA KAROL,12
MAGE,110,104,DEPUTADO ESTADUAL,RICARDO DA KAROL,24
MAGE,110,471,DEPUTADO ESTADUAL,RICARDO DA KAROL,11
MAGE,148,8,DEPUTADO ESTADUAL,RICARDO DA KAROL,18
MAGE,148,92,DEPUTADO ESTADUAL,RICARDO DA KAROL,22
MAGE,148,117,DEPUTADO ESTADUAL,RICARDO DA KAROL,17
MAGE,110,21,DEPUTADO ESTADUAL,RICARDO DA KAROL,20
MAGE,110,247,DEPUTADO ESTADUAL,RICARDO DA KAROL,10
MAGE,148,33,DEPUTADO ESTADUAL,RICARDO DA KAROL,37
MAGE,110,493,DEPUTADO ESTADUAL,RICARDO DA KAROL,8
MAGE,110,404,DEPUTADO ESTADUAL,RICARDO DA KAROL,15
MAGE,148,84,DEPUTADO ESTADUAL,RICARDO DA KAROL,20
MAGE,110,437,DEPUTADO ESTADUAL,RICARDO DA KAROL,18
MAGE,148,265,DEPUTADO ESTADUAL,RICARDO DA KAROL,41
MAGE,148,278,DEPUTADO ESTADUAL,RICARDO DA KAROL,51
MAGE,110,542,DEPUTADO ESTADUAL,RICARDO DA KAROL,7
MAGE,148,100,DEPUTADO ESTADUAL,RICARDO DA KAROL,21
MAGE,110,283,DEPUTADO ESTADUAL,RICARDO DA KAROL,11
MAGE,148,59,DEPUTADO ESTADUAL,RICARDO DA KAROL,8
MAGE,110,384,DEPUTADO ESTADUAL,RICARDO DA KAROL,6
MAGE,148,21,DEPUTADO ESTADUAL,RICARDO DA KAROL,10
MAGE,148,143,DEPUTADO ESTADUAL,RICARDO DA KAROL,15
MAGE,110,475,DEPUTADO ESTADUAL,RICARDO DA KAROL,7
MAGE,148,89,DEPUTADO ESTADUAL,RICARDO DA KAROL,22
MAGE,110,414,DEPUTADO ESTADUAL,RICARDO DA KAROL,13
MAGE,110,408,DEPUTADO ESTADUAL,RICARDO DA KAROL,31
MAGE,148,285,DEPUTADO ESTADUAL,RICARDO DA KAROL,25
MAGE,110,16,DEPUTADO ESTADUAL,RICARDO DA KAROL,12
MAGE,148,12,DEPUTADO ESTADUAL,RICARDO DA KAROL,16
MAGE,110,407,DEPUTADO ESTADUAL,RICARDO DA KAROL,10
MAGE,110,117,DEPUTADO ESTADUAL,RICARDO DA KAROL,7
MAGE,110,268,DEPUTADO ESTADUAL,RICARDO DA KAROL,7
MAGE,148,269,DEPUTADO FEDERAL,JUNINHO DO PNEU,3
MAGE,148,161,DEPUTADO FEDERAL,JUNINHO DO PNEU,2
MAGE,148,19,DEPUTADO FEDERAL,JUNINHO DO PNEU,1
MAGE,148,254,DEPUTADO FEDERAL,JUNINHO DO PNEU,1
MAGE,148,170,DEPUTADO FEDERAL,JUNINHO DO PNEU,1
MAGE,110,430,DEPUTADO ESTADUAL,RICARDO DA KAROL,70
MAGE,148,68,DEPUTADO ESTADUAL,RICARDO DA KAROL,16
MAGE,110,551,DEPUTADO ESTADUAL,RICARDO DA KAROL,13
MAGE,110,241,DEPUTADO ESTADUAL,RICARDO DA KAROL,9
MAGE,110,3,DEPUTADO ESTADUAL,RICARDO DA KAROL,7
MAGE,148,153,DEPUTADO FEDERAL,JUNINHO DO PNEU,8
MAGE,148,128,DEPUTADO FEDERAL,JUNINHO DO PNEU,2
MAGE,148,158,DEPUTADO FEDERAL,JUNINHO DO PNEU,1
MAGE,110,399,DEPUTADO FEDERAL,JUNINHO DO PNEU,1
MAGE,148,51,DEPUTADO FEDERAL,JUNINHO DO PNEU,1
MAGE,110,385,DEPUTADO FEDERAL,JUNINHO DO PNEU,40
MAGE,110,108,DEPUTADO FEDERAL,JUNINHO DO PNEU,11
MAGE,110,432,DEPUTADO FEDERAL,JUNINHO DO PNEU,23
MAGE,148,203,DEPUTADO FEDERAL,JUNINHO DO PNEU,5
MAGE,148,263,DEPUTADO FEDERAL,JUNINHO DO PNEU,3
MAGE,148,109,DEPUTADO FEDERAL,JUNINHO DO PNEU,1
MAGE,148,22,DEPUTADO FEDERAL,JUNINHO DO PNEU,1
MAGE,148,173,DEPUTADO FEDERAL,JUNINHO DO PNEU,3
MAGE,110,411,DEPUTADO FEDERAL,JUNINHO DO PNEU,28
MAGE,148,191,DEPUTADO FEDERAL,JUNINHO DO PNEU,1
MAGE,110,49,DEPUTADO FEDERAL,JUNINHO DO PNEU,1
MAGE,148,190,DEPUTADO FEDERAL,JUNINHO DO PNEU,1
MAGE,110,545,DEPUTADO FEDERAL,JUNINHO DO PNEU,3
MAGE,110,461,DEPUTADO FEDERAL,JUNINHO DO PNEU,29
MAGE,110,464,DEPUTADO FEDERAL,JUNINHO DO PNEU,16
MAGE,148,114,DEPUTADO FEDERAL,JUNINHO DO PNEU,4
MAGE,110,308,DEPUTADO FEDERAL,JUNINHO DO PNEU,1
MAGE,148,81,DEPUTADO FEDERAL,JUNINHO DO PNEU,3
MAGE,148,104,DEPUTADO ESTADUAL,RICARDO DA KAROL,24
MAGE,110,422,DEPUTADO ESTADUAL,RICARDO DA KAROL,7
MAGE,110,112,DEPUTADO ESTADUAL,RICARDO DA KAROL,10
MAGE,110,410,DEPUTADO FEDERAL,JUNINHO DO PNEU,2
MAGE,148,105,DEPUTADO ESTADUAL,RICARDO DA KAROL,4
MAGE,110,36,DEPUTADO ESTADUAL,RICARDO DA KAROL,12
MAGE,110,540,DEPUTADO ESTADUAL,RICARDO DA KAROL,2
MAGE,148,150,DEPUTADO ESTADUAL,RICARDO DA KAROL,12
MAGE,110,122,DEPUTADO ESTADUAL,RICARDO DA KAROL,12
MAGE,148,58,DEPUTADO ESTADUAL,RICARDO DA KAROL,9
MAGE,110,520,DEPUTADO ESTADUAL,RICARDO DA KAROL,8
MAGE,148,196,DEPUTADO ESTADUAL,RICARDO DA KAROL,18
MAGE,110,250,DEPUTADO ESTADUAL,RICARDO DA KAROL,18
MAGE,110,403,DEPUTADO ESTADUAL,RICARDO DA KAROL,12
MAGE,148,261,DEPUTADO ESTADUAL,RICARDO DA KAROL,23
MAGE,148,197,DEPUTADO ESTADUAL,RICARDO DA KAROL,15
MAGE,148,78,DEPUTADO ESTADUAL,RICARDO DA KAROL,22
MAGE,110,125,DEPUTADO ESTADUAL,RICARDO DA KAROL,20
MAGE,110,238,DEPUTADO ESTADUAL,RICARDO DA KAROL,9
MAGE,148,91,DEPUTADO ESTADUAL,RICARDO DA KAROL,22
MAGE,110,434,DEPUTADO ESTADUAL,RICARDO DA KAROL,11
MAGE,110,315,DEPUTADO FEDERAL,JUNINHO DO PNEU,3
MAGE,148,160,DEPUTADO FEDERAL,JUNINHO DO PNEU,2
MAGE,148,13,DEPUTADO FEDERAL,JUNINHO DO PNEU,2
MAGE,110,50,DEPUTADO FEDERAL,JUNINHO DO PNEU,1
MAGE,148,123,DEPUTADO FEDERAL,JUNINHO DO PNEU,1
MAGE,148,60,DEPUTADO FEDERAL,JUNINHO DO PNEU,2
MAGE,148,108,DEPUTADO FEDERAL,JUNINHO DO PNEU,1
MAGE,110,236,DEPUTADO FEDERAL,JUNINHO DO PNEU,1
MAGE,148,259,DEPUTADO FEDERAL,JUNINHO DO PNEU,2
MAGE,148,200,DEPUTADO FEDERAL,JUNINHO DO PNEU,19
MAGE,110,409,DEPUTADO FEDERAL,JUNINHO DO PNEU,2
MAGE,148,101,DEPUTADO FEDERAL,JUNINHO DO PNEU,2
MAGE,110,237,DEPUTADO FEDERAL,JUNINHO DO PNEU,7
MAGE,110,415,DEPUTADO FEDERAL,JUNINHO DO PNEU,6
MAGE,148,162,DEPUTADO FEDERAL,JUNINHO DO PNEU,1
MAGE,148,96,DEPUTADO FEDERAL,JUNINHO DO PNEU,5
MAGE,148,146,DEPUTADO FEDERAL,JUNINHO DO PNEU,3
MAGE,148,85,DEPUTADO FEDERAL,JUNINHO DO PNEU,1
MAGE,110,425,DEPUTADO FEDERAL,JUNINHO DO PNEU,1
MAGE,148,17,DEPUTADO FEDERAL,JUNINHO DO PNEU,4
MAGE,110,494,DEPUTADO ESTADUAL,RICARDO DA KAROL,19
MAGE,110,233,DEPUTADO ESTADUAL,RICARDO DA KAROL,6
MAGE,148,108,DEPUTADO ESTADUAL,RICARDO DA KAROL,12
MAGE,148,46,DEPUTADO ESTADUAL,RICARDO DA KAROL,13
MAGE,148,198,DEPUTADO ESTADUAL,RICARDO DA KAROL,14
MAGE,110,13,DEPUTADO ESTADUAL,RICARDO DA KAROL,11
MAGE,110,480,DEPUTADO ESTADUAL,RICARDO DA KAROL,9
MAGE,148,275,DEPUTADO ESTADUAL,RICARDO DA KAROL,19
MAGE,148,160,DEPUTADO ESTADUAL,RICARDO DA KAROL,19
MAGE,110,236,DEPUTADO ESTADUAL,RICARDO DA KAROL,6
MAGE,110,510,DEPUTADO ESTADUAL,RICARDO DA KAROL,21
MAGE,110,29,DEPUTADO FEDERAL,MARCOS TAVARES,2
MAGE,148,222,DEPUTADO FEDERAL,MARCOS TAVARES,8
MAGE,148,112,DEPUTADO FEDERAL,MARCOS TAVARES,3
MAGE,148,72,DEPUTADO FEDERAL,MARCOS TAVARES,3
MAGE,110,104,DEPUTADO FEDERAL,MARCOS TAVARES,7
MAGE,110,471,DEPUTADO FEDERAL,MARCOS TAVARES,1
MAGE,148,8,DEPUTADO FEDERAL,MARCOS TAVARES,5
MAGE,110,315,DEPUTADO ESTADUAL,RICARDO DA KAROL,28
MAGE,110,440,DEPUTADO ESTADUAL,RICARDO DA KAROL,8
MAGE,110,519,DEPUTADO ESTADUAL,RICARDO DA KAROL,13
MAGE,110,28,DEPUTADO ESTADUAL,RICARDO DA KAROL,12
MAGE,148,13,DEPUTADO ESTADUAL,RICARDO DA KAROL,18
MAGE,110,50,DEPUTADO ESTADUAL,RICARDO DA KAROL,5
MAGE,148,123,DEPUTADO ESTADUAL,RICARDO DA KAROL,11
MAGE,148,60,DEPUTADO ESTADUAL,RICARDO DA KAROL,26
MAGE,148,9,DEPUTADO FEDERAL,MARCOS TAVARES,6
MAGE,110,441,DEPUTADO FEDERAL,MARCOS TAVARES,5
MAGE,148,1,DEPUTADO FEDERAL,MARCOS TAVARES,2
MAGE,148,206,DEPUTADO FEDERAL,MARCOS TAVARES,5
MAGE,148,186,DEPUTADO FEDERAL,MARCOS TAVARES,3
MAGE,110,306,DEPUTADO ESTADUAL,RICARDO DA KAROL,17
MAGE,110,415,DEPUTADO ESTADUAL,RICARDO DA KAROL,10
MAGE,110,237,DEPUTADO ESTADUAL,RICARDO DA KAROL,11
MAGE,148,200,DEPUTADO ESTADUAL,RICARDO DA KAROL,36
MAGE,110,490,DEPUTADO ESTADUAL,RICARDO DA KAROL,7
MAGE,148,172,DEPUTADO ESTADUAL,RICARDO DA KAROL,17
MAGE,148,92,DEPUTADO FEDERAL,MARCOS TAVARES,10
MAGE,110,21,DEPUTADO FEDERAL,MARCOS TAVARES,2
MAGE,148,117,DEPUTADO FEDERAL,MARCOS TAVARES,2
MAGE,110,483,DEPUTADO FEDERAL,MARCOS TAVARES,1
MAGE,148,273,DEPUTADO FEDERAL,MARCOS TAVARES,2
MAGE,148,229,DEPUTADO FEDERAL,MARCOS TAVARES,1
MAGE,148,246,DEPUTADO FEDERAL,MARCOS TAVARES,5
MAGE,148,231,DEPUTADO FEDERAL,MARCOS TAVARES,4
MAGE,110,547,DEPUTADO FEDERAL,MARCOS TAVARES,7
MAGE,148,120,DEPUTADO FEDERAL,MARCOS TAVARES,3
MAGE,110,550,DEPUTADO FEDERAL,MARCOS TAVARES,1
MAGE,110,352,DEPUTADO FEDERAL,MARCOS TAVARES,3
MAGE,148,134,DEPUTADO FEDERAL,MARCOS TAVARES,8
MAGE,110,247,DEPUTADO FEDERAL,MARCOS TAVARES,2
MAGE,148,84,DEPUTADO FEDERAL,MARCOS TAVARES,5
MAGE,110,437,DEPUTADO FEDERAL,MARCOS TAVARES,1
MAGE,148,259,DEPUTADO FEDERAL,MARCOS TAVARES,1
MAGE,110,409,DEPUTADO FEDERAL,MARCOS TAVARES,1
MAGE,148,170,DEPUTADO ESTADUAL,RICARDO DA KAROL,22
MAGE,148,247,DEPUTADO FEDERAL,JUNINHO DO PNEU,1
MAGE,148,41,DEPUTADO FEDERAL,JUNINHO DO PNEU,3
MAGE,110,445,DEPUTADO FEDERAL,JUNINHO DO PNEU,12
MAGE,110,504,DEPUTADO FEDERAL,JUNINHO DO PNEU,1
MAGE,110,487,DEPUTADO FEDERAL,JUNINHO DO PNEU,26
MAGE,110,101,DEPUTADO FEDERAL,JUNINHO DO PNEU,9
MAGE,110,291,DEPUTADO FEDERAL,JUNINHO DO PNEU,31
MAGE,148,267,DEPUTADO FEDERAL,JUNINHO DO PNEU,1
MAGE,110,492,DEPUTADO FEDERAL,JUNINHO DO PNEU,1
MAGE,148,194,DEPUTADO FEDERAL,JUNINHO DO PNEU,1
MAGE,110,472,DEPUTADO FEDERAL,JUNINHO DO PNEU,42
MAGE,148,248,DEPUTADO FEDERAL,JUNINHO DO PNEU,1
MAGE,148,54,DEPUTADO FEDERAL,JUNINHO DO PNEU,2
MAGE,148,251,DEPUTADO FEDERAL,JUNINHO DO PNEU,1
MAGE,110,366,DEPUTADO FEDERAL,JUNINHO DO PNEU,1
MAGE,148,16,DEPUTADO FEDERAL,JUNINHO DO PNEU,1
MAGE,148,153,DEPUTADO ESTADUAL,RICARDO DA KAROL,32
MAGE,110,270,DEPUTADO ESTADUAL,RICARDO DA KAROL,20
MAGE,148,128,DEPUTADO ESTADUAL,RICARDO DA KAROL,16
MAGE,148,158,DEPUTADO ESTADUAL,RICARDO DA KAROL,19
MAGE,110,554,DEPUTADO FEDERAL,JUNINHO DO PNEU,6
MAGE,110,321,DEPUTADO FEDERAL,JUNINHO DO PNEU,22
MAGE,148,219,DEPUTADO FEDERAL,JUNINHO DO PNEU,1
MAGE,148,277,DEPUTADO FEDERAL,JUNINHO DO PNEU,1
MAGE,148,272,DEPUTADO FEDERAL,JUNINHO DO PNEU,1
MAGE,148,45,DEPUTADO FEDERAL,JUNINHO DO PNEU,1
MAGE,110,548,DEPUTADO FEDERAL,JUNINHO DO PNEU,15
MAGE,110,474,DEPUTADO FEDERAL,JUNINHO DO PNEU,6
MAGE,148,121,DEPUTADO FEDERAL,JUNINHO DO PNEU,5
MAGE,148,249,DEPUTADO FEDERAL,JUNINHO DO PNEU,1
MAGE,110,9,DEPUTADO FEDERAL,JUNINHO DO PNEU,1
MAGE,148,9,DEPUTADO FEDERAL,JUNINHO DO PNEU,3
MAGE,148,206,DEPUTADO FEDERAL,JUNINHO DO PNEU,4
MAGE,110,441,DEPUTADO FEDERAL,JUNINHO DO PNEU,38
MAGE,148,1,DEPUTADO FEDERAL,JUNINHO DO PNEU,1
MAGE,110,399,DEPUTADO ESTADUAL,RICARDO DA KAROL,19
MAGE,148,51,DEPUTADO ESTADUAL,RICARDO DA KAROL,18
MAGE,110,385,DEPUTADO ESTADUAL,RICARDO DA KAROL,11
MAGE,110,108,DEPUTADO ESTADUAL,RICARDO DA KAROL,7
MAGE,110,436,DEPUTADO ESTADUAL,RICARDO DA KAROL,14
MAGE,148,186,DEPUTADO FEDERAL,JUNINHO DO PNEU,2
MAGE,110,410,DEPUTADO ESTADUAL,RICARDO DA KAROL,5
MAGE,110,498,DEPUTADO ESTADUAL,RICARDO DA KAROL,16
MAGE,110,421,DEPUTADO FEDERAL,JUNINHO DO PNEU,13
MAGE,148,96,DEPUTADO ESTADUAL,RICARDO DA KAROL,21
MAGE,148,146,DEPUTADO ESTADUAL,RICARDO DA KAROL,28
MAGE,148,217,DEPUTADO ESTADUAL,RICARDO DA KAROL,15
MAGE,148,52,DEPUTADO ESTADUAL,RICARDO DA KAROL,19
MAGE,148,85,DEPUTADO ESTADUAL,RICARDO DA KAROL,25
MAGE,110,506,DEPUTADO ESTADUAL,RICARDO DA KAROL,9
MAGE,148,222,DEPUTADO FEDERAL,JUNINHO DO PNEU,1
MAGE,148,112,DEPUTADO FEDERAL,JUNINHO DO PNEU,1
MAGE,148,72,DEPUTADO FEDERAL,JUNINHO DO PNEU,1
MAGE,110,104,DEPUTADO FEDERAL,JUNINHO DO PNEU,5
MAGE,110,471,DEPUTADO FEDERAL,JUNINHO DO PNEU,33
MAGE,148,92,DEPUTADO FEDERAL,JUNINHO DO PNEU,2
MAGE,148,8,DEPUTADO FEDERAL,JUNINHO DO PNEU,1
MAGE,148,117,DEPUTADO FEDERAL,JUNINHO DO PNEU,1
MAGE,110,21,DEPUTADO FEDERAL,JUNINHO DO PNEU,1
MAGE,110,483,DEPUTADO FEDERAL,JUNINHO DO PNEU,1
MAGE,148,273,DEPUTADO FEDERAL,JUNINHO DO PNEU,4
MAGE,148,229,DEPUTADO FEDERAL,JUNINHO DO PNEU,5
MAGE,148,246,DEPUTADO FEDERAL,JUNINHO DO PNEU,3
MAGE,148,231,DEPUTADO FEDERAL,JUNINHO DO PNEU,2
MAGE,110,547,DEPUTADO FEDERAL,JUNINHO DO PNEU,38
MAGE,110,352,DEPUTADO FEDERAL,JUNINHO DO PNEU,1
MAGE,110,550,DEPUTADO FEDERAL,JUNINHO DO PNEU,3
MAGE,148,120,DEPUTADO FEDERAL,JUNINHO DO PNEU,2
MAGE,148,241,DEPUTADO FEDERAL,JUNINHO DO PNEU,1
MAGE,148,134,DEPUTADO FEDERAL,JUNINHO DO PNEU,5
MAGE,110,247,DEPUTADO FEDERAL,JUNINHO DO PNEU,1
MAGE,148,203,DEPUTADO ESTADUAL,RICARDO DA KAROL,29
MAGE,110,432,DEPUTADO ESTADUAL,RICARDO DA KAROL,20
MAGE,148,109,DEPUTADO ESTADUAL,RICARDO DA KAROL,17
MAGE,148,263,DEPUTADO ESTADUAL,RICARDO DA KAROL,12
MAGE,148,22,DEPUTADO ESTADUAL,RICARDO DA KAROL,8
MAGE,148,267,DEPUTADO FEDERAL,MARCOS TAVARES,2
MAGE,110,492,DEPUTADO FEDERAL,MARCOS TAVARES,4
MAGE,148,194,DEPUTADO FEDERAL,MARCOS TAVARES,10
MAGE,110,472,DEPUTADO FEDERAL,MARCOS TAVARES,3
MAGE,148,248,DEPUTADO FEDERAL,MARCOS TAVARES,6
MAGE,148,54,DEPUTADO FEDERAL,MARCOS TAVARES,3
MAGE,148,251,DEPUTADO FEDERAL,MARCOS TAVARES,5
MAGE,110,491,DEPUTADO FEDERAL,MARCOS TAVARES,5
MAGE,110,366,DEPUTADO FEDERAL,MARCOS TAVARES,25
MAGE,148,16,DEPUTADO FEDERAL,MARCOS TAVARES,4
MAGE,148,162,DEPUTADO FEDERAL,MARCOS TAVARES,6
MAGE,148,101,DEPUTADO FEDERAL,MARCOS TAVARES,6
MAGE,148,41,DEPUTADO FEDERAL,MARCOS TAVARES,1
MAGE,148,247,DEPUTADO FEDERAL,MARCOS TAVARES,5
MAGE,110,466,DEPUTADO FEDERAL,MARCOS TAVARES,1
MAGE,110,511,DEPUTADO FEDERAL,MARCOS TAVARES,9
MAGE,110,445,DEPUTADO FEDERAL,MARCOS TAVARES,4
MAGE,110,504,DEPUTADO FEDERAL,MARCOS TAVARES,5
MAGE,110,487,DEPUTADO FEDERAL,MARCOS TAVARES,6
MAGE,110,101,DEPUTADO FEDERAL,MARCOS TAVARES,3
MAGE,148,106,DEPUTADO FEDERAL,MARCOS TAVARES,2
MAGE,110,291,DEPUTADO FEDERAL,MARCOS TAVARES,5
MAGE,110,554,DEPUTADO FEDERAL,MARCOS TAVARES,1
MAGE,110,321,DEPUTADO FEDERAL,MARCOS TAVARES,10
MAGE,148,219,DEPUTADO FEDERAL,MARCOS TAVARES,2
MAGE,148,277,DEPUTADO FEDERAL,MARCOS TAVARES,2
MAGE,110,521,DEPUTADO FEDERAL,MARCOS TAVARES,8
MAGE,148,272,DEPUTADO FEDERAL,MARCOS TAVARES,3
MAGE,110,552,DEPUTADO ESTADUAL,RICARDO DA KAROL,9
MAGE,148,165,DEPUTADO FEDERAL,MARCOS TAVARES,6
MAGE,148,57,DEPUTADO ESTADUAL,RICARDO DA KAROL,6
MAGE,148,161,DEPUTADO ESTADUAL,RICARDO DA KAROL,8
MAGE,148,269,DEPUTADO ESTADUAL,RICARDO DA KAROL,16
MAGE,110,391,DEPUTADO FEDERAL,MARCOS TAVARES,2
MAGE,148,45,DEPUTADO FEDERAL,MARCOS TAVARES,9
MAGE,110,474,DEPUTADO FEDERAL,MARCOS TAVARES,1
MAGE,110,548,DEPUTADO FEDERAL,MARCOS TAVARES,4
MAGE,148,244,DEPUTADO FEDERAL,MARCOS TAVARES,1
MAGE,148,121,DEPUTADO FEDERAL,MARCOS TAVARES,4
MAGE,148,249,DEPUTADO FEDERAL,MARCOS TAVARES,5
MAGE,110,9,DEPUTADO FEDERAL,MARCOS TAVARES,5
MAGE,148,226,DEPUTADO ESTADUAL,RICARDO DA KAROL,11
MAGE,110,425,DEPUTADO ESTADUAL,RICARDO DA KAROL,12
MAGE,148,17,DEPUTADO ESTADUAL,RICARDO DA KAROL,20
MAGE,148,19,DEPUTADO ESTADUAL,RICARDO DA KAROL,17
MAGE,148,254,DEPUTADO ESTADUAL,RICARDO DA KAROL,76
MAGE,148,199,DEPUTADO ESTADUAL,RICARDO DA KAROL,17
MAGE,110,2,DEPUTADO ESTADUAL,RICARDO DA KAROL,9
MAGE,148,84,DEPUTADO FEDERAL,JUNINHO DO PNEU,2
MAGE,110,437,DEPUTADO FEDERAL,JUNINHO DO PNEU,3
MAGE,148,173,DEPUTADO ESTADUAL,RICARDO DA KAROL,32
MAGE,110,411,DEPUTADO ESTADUAL,RICARDO DA KAROL,21
MAGE,148,191,DEPUTADO ESTADUAL,RICARDO DA KAROL,9
MAGE,110,49,DEPUTADO ESTADUAL,RICARDO DA KAROL,18
MAGE,148,190,DEPUTADO ESTADUAL,RICARDO DA KAROL,10
MAGE,110,469,DEPUTADO ESTADUAL,RICARDO DA KAROL,9
MAGE,110,544,DEPUTADO ESTADUAL,RICARDO DA KAROL,7
MAGE,148,81,DEPUTADO ESTADUAL,RICARDO DA KAROL,18
MAGE,110,41,DEPUTADO ESTADUAL,RICARDO DA KAROL,16
MAGE,110,527,DEPUTADO ESTADUAL,RICARDO DA KAROL,14
MAGE,110,545,DEPUTADO ESTADUAL,RICARDO DA KAROL,11
MAGE,110,461,DEPUTADO ESTADUAL,RICARDO DA KAROL,4
MAGE,110,464,DEPUTADO ESTADUAL,RICARDO DA KAROL,15
MAGE,148,114,DEPUTADO ESTADUAL,RICARDO DA KAROL,21
MAGE,110,308,DEPUTADO ESTADUAL,RICARDO DA KAROL,12
MAGE,110,502,DEPUTADO ESTADUAL,RICARDO DA KAROL,9
MAGE,148,55,DEPUTADO ESTADUAL,RICARDO DA KAROL,11
MAGE,148,275,DEPUTADO FEDERAL,MARCOS TAVARES,3
MAGE,110,440,DEPUTADO FEDERAL,MARCOS TAVARES,1
MAGE,148,160,DEPUTADO FEDERAL,MARCOS TAVARES,3
MAGE,110,315,DEPUTADO FEDERAL,MARCOS TAVARES,8
MAGE,110,519,DEPUTADO FEDERAL,MARCOS TAVARES,2
MAGE,110,28,DEPUTADO FEDERAL,MARCOS TAVARES,2
MAGE,148,13,DEPUTADO FEDERAL,MARCOS TAVARES,4
MAGE,110,50,DEPUTADO FEDERAL,MARCOS TAVARES,1
MAGE,148,123,DEPUTADO FEDERAL,MARCOS TAVARES,1
MAGE,148,60,DEPUTADO FEDERAL,MARCOS TAVARES,1
MAGE,110,494,DEPUTADO FEDERAL,MARCOS TAVARES,6
MAGE,110,233,DEPUTADO FEDERAL,MARCOS TAVARES,2
MAGE,148,108,DEPUTADO FEDERAL,MARCOS TAVARES,1
MAGE,148,46,DEPUTADO FEDERAL,MARCOS TAVARES,1
MAGE,148,198,DEPUTADO FEDERAL,MARCOS TAVARES,5
MAGE,110,13,DEPUTADO FEDERAL,MARCOS TAVARES,1
MAGE,110,480,DEPUTADO FEDERAL,MARCOS TAVARES,4
MAGE,148,26,DEPUTADO FEDERAL,JUNINHO DO PNEU,4
MAGE,148,174,DEPUTADO FEDERAL,JUNINHO DO PNEU,1
MAGE,110,522,DEPUTADO FEDERAL,JUNINHO DO PNEU,1
MAGE,110,226,DEPUTADO FEDERAL,JUNINHO DO PNEU,9
MAGE,148,4,DEPUTADO FEDERAL,JUNINHO DO PNEU,1
MAGE,148,228,DEPUTADO FEDERAL,JUNINHO DO PNEU,1
MAGE,148,115,DEPUTADO FEDERAL,JUNINHO DO PNEU,4
MAGE,148,39,DEPUTADO FEDERAL,JUNINHO DO PNEU,1
MAGE,148,210,DEPUTADO FEDERAL,JUNINHO DO PNEU,3
MAGE,148,144,DEPUTADO FEDERAL,JUNINHO DO PNEU,2
MAGE,110,367,DEPUTADO FEDERAL,JUNINHO DO PNEU,11
MAGE,110,236,DEPUTADO FEDERAL,MARCOS TAVARES,3
MAGE,110,510,DEPUTADO FEDERAL,MARCOS TAVARES,4
MAGE,110,306,DEPUTADO FEDERAL,MARCOS TAVARES,2
MAGE,148,200,DEPUTADO FEDERAL,MARCOS TAVARES,8
MAGE,110,415,DEPUTADO FEDERAL,MARCOS TAVARES,2
MAGE,110,490,DEPUTADO FEDERAL,MARCOS TAVARES,3
MAGE,148,172,DEPUTADO FEDERAL,MARCOS TAVARES,6
MAGE,110,498,DEPUTADO FEDERAL,MARCOS TAVARES,7
MAGE,148,96,DEPUTADO FEDERAL,MARCOS TAVARES,3
MAGE,148,146,DEPUTADO FEDERAL,MARCOS TAVARES,5
MAGE,148,217,DEPUTADO FEDERAL,MARCOS TAVARES,5
MAGE,110,432,DEPUTADO FEDERAL,MARCOS TAVARES,12
MAGE,148,203,DEPUTADO FEDERAL,MARCOS TAVARES,7
MAGE,148,263,DEPUTADO FEDERAL,MARCOS TAVARES,2
MAGE,148,22,DEPUTADO FEDERAL,MARCOS TAVARES,1
MAGE,148,109,DEPUTADO FEDERAL,MARCOS TAVARES,4
MAGE,148,173,DEPUTADO FEDERAL,MARCOS TAVARES,6
MAGE,110,411,DEPUTADO FEDERAL,MARCOS TAVARES,3
MAGE,148,191,DEPUTADO FEDERAL,MARCOS TAVARES,2
MAGE,148,235,DEPUTADO FEDERAL,JUNINHO DO PNEU,1
MAGE,148,157,DEPUTADO FEDERAL,JUNINHO DO PNEU,1
MAGE,110,318,DEPUTADO FEDERAL,JUNINHO DO PNEU,31
MAGE,110,106,DEPUTADO FEDERAL,JUNINHO DO PNEU,7
MAGE,110,278,DEPUTADO FEDERAL,JUNINHO DO PNEU,30
MAGE,148,20,DEPUTADO FEDERAL,JUNINHO DO PNEU,2
MAGE,110,25,DEPUTADO FEDERAL,JUNINHO DO PNEU,2
MAGE,110,114,DEPUTADO FEDERAL,JUNINHO DO PNEU,11
MAGE,148,14,DEPUTADO FEDERAL,JUNINHO DO PNEU,5
MAGE,148,215,DEPUTADO FEDERAL,JUNINHO DO PNEU,1
MAGE,148,284,DEPUTADO FEDERAL,JUNINHO DO PNEU,1
MAGE,110,402,DEPUTADO FEDERAL,JUNINHO DO PNEU,2
MAGE,110,406,DEPUTADO FEDERAL,JUNINHO DO PNEU,1
MAGE,110,531,DEPUTADO FEDERAL,JUNINHO DO PNEU,3
MAGE,148,94,DEPUTADO FEDERAL,JUNINHO DO PNEU,1
MAGE,110,49,DEPUTADO FEDERAL,MARCOS TAVARES,2
MAGE,148,190,DEPUTADO FEDERAL,MARCOS TAVARES,2
MAGE,110,527,DEPUTADO FEDERAL,MARCOS TAVARES,3
MAGE,110,461,DEPUTADO FEDERAL,MARCOS TAVARES,1
MAGE,110,464,DEPUTADO FEDERAL,MARCOS TAVARES,8
MAGE,148,114,DEPUTADO FEDERAL,MARCOS TAVARES,3
MAGE,110,538,DEPUTADO FEDERAL,JUNINHO DO PNEU,1
MAGE,110,308,DEPUTADO FEDERAL,MARCOS TAVARES,4
MAGE,110,502,DEPUTADO FEDERAL,MARCOS TAVARES,1
MAGE,148,55,DEPUTADO FEDERAL,MARCOS TAVARES,3
MAGE,148,168,DEPUTADO FEDERAL,JUNINHO DO PNEU,2
MAGE,110,429,DEPUTADO FEDERAL,JUNINHO DO PNEU,37
MAGE,110,544,DEPUTADO FEDERAL,MARCOS TAVARES,2
MAGE,110,469,DEPUTADO FEDERAL,MARCOS TAVARES,2
MAGE,148,81,DEPUTADO FEDERAL,MARCOS TAVARES,5
MAGE,148,24,DEPUTADO FEDERAL,JUNINHO DO PNEU,1
MAGE,148,232,DEPUTADO FEDERAL,JUNINHO DO PNEU,1
MAGE,148,65,DEPUTADO FEDERAL,JUNINHO DO PNEU,1
MAGE,110,298,DEPUTADO FEDERAL,JUNINHO DO PNEU,2
MAGE,148,179,DEPUTADO FEDERAL,JUNINHO DO PNEU,3
MAGE,148,264,DEPUTADO FEDERAL,JUNINHO DO PNEU,2
MAGE,148,52,DEPUTADO FEDERAL,MARCOS TAVARES,3
MAGE,148,97,DEPUTADO FEDERAL,JUNINHO DO PNEU,5
MAGE,148,85,DEPUTADO FEDERAL,MARCOS TAVARES,3
MAGE,110,506,DEPUTADO FEDERAL,MARCOS TAVARES,2
MAGE,148,226,DEPUTADO FEDERAL,MARCOS TAVARES,2
MAGE,110,425,DEPUTADO FEDERAL,MARCOS TAVARES,2
MAGE,148,102,DEPUTADO FEDERAL,JUNINHO DO PNEU,1
MAGE,148,181,DEPUTADO FEDERAL,JUNINHO DO PNEU,1
MAGE,148,223,DEPUTADO FEDERAL,JUNINHO DO PNEU,1
MAGE,148,17,DEPUTADO FEDERAL,MARCOS TAVARES,1
MAGE,148,268,DEPUTADO FEDERAL,JUNINHO DO PNEU,3
MAGE,110,552,DEPUTADO FEDERAL,MARCOS TAVARES,2
MAGE,148,269,DEPUTADO FEDERAL,MARCOS TAVARES,2
MAGE,148,57,DEPUTADO FEDERAL,MARCOS TAVARES,1
MAGE,110,41,DEPUTADO FEDERAL,MARCOS TAVARES,3
MAGE,148,19,DEPUTADO FEDERAL,MARCOS TAVARES,2
MAGE,148,199,DEPUTADO FEDERAL,MARCOS TAVARES,13
MAGE,110,2,DEPUTADO FEDERAL,MARCOS TAVARES,1
MAGE,148,170,DEPUTADO FEDERAL,MARCOS TAVARES,5
MAGE,110,270,DEPUTADO FEDERAL,MARCOS TAVARES,3
MAGE,148,128,DEPUTADO FEDERAL,MARCOS TAVARES,4
MAGE,148,158,DEPUTADO FEDERAL,MARCOS TAVARES,5
MAGE,110,399,DEPUTADO FEDERAL,MARCOS TAVARES,6
MAGE,148,51,DEPUTADO FEDERAL,MARCOS TAVARES,5
MAGE,110,385,DEPUTADO FEDERAL,MARCOS TAVARES,1
MAGE,110,108,DEPUTADO FEDERAL,MARCOS TAVARES,2
MAGE,110,436,DEPUTADO FEDERAL,MARCOS TAVARES,1
MAGE,110,103,DEPUTADO FEDERAL,JUNINHO DO PNEU,15
MAGE,110,400,DEPUTADO FEDERAL,JUNINHO DO PNEU,1
MAGE,110,396,DEPUTADO FEDERAL,JUNINHO DO PNEU,2
MAGE,110,105,DEPUTADO FEDERAL,JUNINHO DO PNEU,2
MAGE,110,7,DEPUTADO FEDERAL,JUNINHO DO PNEU,2
MAGE,110,18,DEPUTADO FEDERAL,JUNINHO DO PNEU,2
MAGE,110,460,DEPUTADO FEDERAL,JUNINHO DO PNEU,39
MAGE,110,113,DEPUTADO FEDERAL,JUNINHO DO PNEU,8
MAGE,110,324,DEPUTADO FEDERAL,JUNINHO DO PNEU,3
MAGE,148,138,DEPUTADO FEDERAL,JUNINHO DO PNEU,1
MAGE,110,559,DEPUTADO FEDERAL,JUNINHO DO PNEU,31
MAGE,110,470,DEPUTADO FEDERAL,JUNINHO DO PNEU,2
MAGE,148,127,DEPUTADO FEDERAL,JUNINHO DO PNEU,2
MAGE,110,387,DEPUTADO FEDERAL,JUNINHO DO PNEU,33
MAGE,110,468,DEPUTADO FEDERAL,JUNINHO DO PNEU,9
MAGE,110,107,DEPUTADO FEDERAL,JUNINHO DO PNEU,6
MAGE,148,18,DEPUTADO FEDERAL,JUNINHO DO PNEU,3
MAGE,110,351,DEPUTADO FEDERAL,JUNINHO DO PNEU,9
MAGE,110,393,DEPUTADO FEDERAL,JUNINHO DO PNEU,18
MAGE,110,27,DEPUTADO FEDERAL,JUNINHO DO PNEU,1
MAGE,148,64,DEPUTADO FEDERAL,JUNINHO DO PNEU,4
MAGE,110,489,DEPUTADO FEDERAL,JUNINHO DO PNEU,12
MAGE,110,23,DEPUTADO FEDERAL,JUNINHO DO PNEU,2
MAGE,110,6,DEPUTADO FEDERAL,JUNINHO DO PNEU,2
MAGE,110,555,DEPUTADO FEDERAL,JUNINHO DO PNEU,24
MAGE,148,61,DEPUTADO FEDERAL,JUNINHO DO PNEU,4
MAGE,148,149,DEPUTADO FEDERAL,JUNINHO DO PNEU,6
MAGE,110,394,DEPUTADO FEDERAL,JUNINHO DO PNEU,36
MAGE,148,145,DEPUTADO FEDERAL,JUNINHO DO PNEU,2
MAGE,110,45,DEPUTADO FEDERAL,JUNINHO DO PNEU,1
MAGE,148,192,DEPUTADO FEDERAL,JUNINHO DO PNEU,1
MAGE,110,412,DEPUTADO FEDERAL,JUNINHO DO PNEU,2
MAGE,110,401,DEPUTADO FEDERAL,JUNINHO DO PNEU,1
MAGE,110,334,DEPUTADO FEDERAL,JUNINHO DO PNEU,2
MAGE,148,38,DEPUTADO FEDERAL,JUNINHO DO PNEU,2
MAGE,110,450,DEPUTADO FEDERAL,JUNINHO DO PNEU,2
MAGE,148,2,DEPUTADO FEDERAL,JUNINHO DO PNEU,2
MAGE,148,132,DEPUTADO FEDERAL,JUNINHO DO PNEU,5
MAGE,110,24,DEPUTADO FEDERAL,JUNINHO DO PNEU,1
MAGE,110,305,DEPUTADO FEDERAL,JUNINHO DO PNEU,12
MAGE,110,392,DEPUTADO FEDERAL,JUNINHO DO PNEU,11
MAGE,110,427,DEPUTADO FEDERAL,JUNINHO DO PNEU,1
MAGE,148,279,DEPUTADO FEDERAL,JUNINHO DO PNEU,3
MAGE,148,242,DEPUTADO FEDERAL,JUNINHO DO PNEU,2
MAGE,110,451,DEPUTADO FEDERAL,JUNINHO DO PNEU,2
MAGE,110,473,DEPUTADO FEDERAL,JUNINHO DO PNEU,8
MAGE,148,7,DEPUTADO FEDERAL,JUNINHO DO PNEU,2
MAGE,110,541,DEPUTADO FEDERAL,JUNINHO DO PNEU,38
MAGE,148,282,DEPUTADO FEDERAL,JUNINHO DO PNEU,3
MAGE,148,236,DEPUTADO FEDERAL,JUNINHO DO PNEU,13
MAGE,110,331,DEPUTADO FEDERAL,JUNINHO DO PNEU,32
MAGE,148,257,DEPUTADO FEDERAL,JUNINHO DO PNEU,1
MAGE,148,87,DEPUTADO FEDERAL,JUNINHO DO PNEU,4
MAGE,148,245,DEPUTADO FEDERAL,JUNINHO DO PNEU,3
MAGE,148,103,DEPUTADO FEDERAL,JUNINHO DO PNEU,1
MAGE,148,224,DEPUTADO FEDERAL,JUNINHO DO PNEU,1
MAGE,148,184,DEPUTADO FEDERAL,JUNINHO DO PNEU,1
MAGE,110,316,DEPUTADO FEDERAL,JUNINHO DO PNEU,4
MAGE,148,133,DEPUTADO FEDERAL,JUNINHO DO PNEU,3
MAGE,148,141,DEPUTADO FEDERAL,JUNINHO DO PNEU,1
MAGE,110,556,DEPUTADO FEDERAL,JUNINHO DO PNEU,3
MAGE,110,395,DEPUTADO FEDERAL,JUNINHO DO PNEU,1
MAGE,110,442,DEPUTADO FEDERAL,JUNINHO DO PNEU,2
MAGE,110,240,DEPUTADO FEDERAL,JUNINHO DO PNEU,1
MAGE,110,118,DEPUTADO FEDERAL,JUNINHO DO PNEU,27
MAGE,110,424,DEPUTADO FEDERAL,JUNINHO DO PNEU,4
MAGE,110,8,DEPUTADO FEDERAL,JUNINHO DO PNEU,2
MAGE,148,47,DEPUTADO FEDERAL,JUNINHO DO PNEU,2
MAGE,148,110,DEPUTADO FEDERAL,JUNINHO DO PNEU,3
MAGE,148,11,DEPUTADO FEDERAL,JUNINHO DO PNEU,3
MAGE,148,204,DEPUTADO FEDERAL,JUNINHO DO PNEU,7
MAGE,148,148,DEPUTADO FEDERAL,JUNINHO DO PNEU,3
MAGE,110,446,DEPUTADO FEDERAL,JUNINHO DO PNEU,26
MAGE,148,159,DEPUTADO FEDERAL,JUNINHO DO PNEU,16
MAGE,110,479,DEPUTADO FEDERAL,JUNINHO DO PNEU,5
MAGE,110,503,DEPUTADO FEDERAL,JUNINHO DO PNEU,1
MAGE,110,497,DEPUTADO FEDERAL,JUNINHO DO PNEU,1
MAGE,148,256,DEPUTADO FEDERAL,JUNINHO DO PNEU,2
MAGE,110,48,DEPUTADO FEDERAL,JUNINHO DO PNEU,2
MAGE,148,79,DEPUTADO FEDERAL,JUNINHO DO PNEU,4
MAGE,148,281,DEPUTADO FEDERAL,JUNINHO DO PNEU,5
MAGE,148,86,DEPUTADO FEDERAL,JUNINHO DO PNEU,3
MAGE,110,120,DEPUTADO FEDERAL,JUNINHO DO PNEU,16
MAGE,148,125,DEPUTADO FEDERAL,JUNINHO DO PNEU,23
MAGE,148,122,DEPUTADO FEDERAL,JUNINHO DO PNEU,1
MAGE,148,193,DEPUTADO FEDERAL,JUNINHO DO PNEU,1
MAGE,110,459,DEPUTADO FEDERAL,JUNINHO DO PNEU,2
MAGE,148,201,DEPUTADO FEDERAL,JUNINHO DO PNEU,1
MAGE,110,127,DEPUTADO FEDERAL,JUNINHO DO PNEU,21
MAGE,110,444,DEPUTADO FEDERAL,JUNINHO DO PNEU,3
MAGE,110,560,DEPUTADO FEDERAL,JUNINHO DO PNEU,6
MAGE,148,135,DEPUTADO FEDERAL,JUNINHO DO PNEU,2
MAGE,110,110,DEPUTADO FEDERAL,JUNINHO DO PNEU,7
MAGE,148,164,DEPUTADO FEDERAL,JUNINHO DO PNEU,18
MAGE,148,240,DEPUTADO FEDERAL,JUNINHO DO PNEU,5
MAGE,110,51,DEPUTADO FEDERAL,JUNINHO DO PNEU,1
MAGE,148,28,DEPUTADO FEDERAL,JUNINHO DO PNEU,4
MAGE,148,29,DEPUTADO FEDERAL,JUNINHO DO PNEU,2
MAGE,148,62,DEPUTADO FEDERAL,JUNINHO DO PNEU,2
MAGE,148,75,DEPUTADO FEDERAL,JUNINHO DO PNEU,2
MAGE,110,340,DEPUTADO FEDERAL,JUNINHO DO PNEU,2
MAGE,110,115,DEPUTADO FEDERAL,JUNINHO DO PNEU,3
MAGE,110,457,DEPUTADO FEDERAL,JUNINHO DO PNEU,5
MAGE,110,485,DEPUTADO FEDERAL,JUNINHO DO PNEU,55
MAGE,110,390,DEPUTADO FEDERAL,JUNINHO DO PNEU,40
MAGE,110,454,DEPUTADO FEDERAL,JUNINHO DO PNEU,28
MAGE,148,63,DEPUTADO FEDERAL,JUNINHO DO PNEU,4
MAGE,148,262,DEPUTADO FEDERAL,JUNINHO DO PNEU,1
MAGE,110,121,DEPUTADO FEDERAL,JUNINHO DO PNEU,33
MAGE,110,288,DEPUTADO FEDERAL,JUNINHO DO PNEU,2
MAGE,110,245,DEPUTADO FEDERAL,JUNINHO DO PNEU,2
MAGE,148,276,DEPUTADO FEDERAL,JUNINHO DO PNEU,3
MAGE,148,171,DEPUTADO FEDERAL,JUNINHO DO PNEU,1
MAGE,148,15,DEPUTADO FEDERAL,JUNINHO DO PNEU,5
MAGE,148,27,DEPUTADO FEDERAL,JUNINHO DO PNEU,3
MAGE,110,119,DEPUTADO FEDERAL,JUNINHO DO PNEU,30
MAGE,148,177,DEPUTADO FEDERAL,JUNINHO DO PNEU,2
MAGE,110,32,DEPUTADO FEDERAL,JUNINHO DO PNEU,1
MAGE,110,126,DEPUTADO FEDERAL,JUNINHO DO PNEU,16
MAGE,148,124,DEPUTADO FEDERAL,JUNINHO DO PNEU,11
MAGE,148,180,DEPUTADO FEDERAL,JUNINHO DO PNEU,3
MAGE,148,126,DEPUTADO FEDERAL,JUNINHO DO PNEU,4
MAGE,148,75,DEPUTADO ESTADUAL,RICARDO DA KAROL,21
MAGE,110,340,DEPUTADO ESTADUAL,RICARDO DA KAROL,15
MAGE,110,115,DEPUTADO ESTADUAL,RICARDO DA KAROL,9
MAGE,110,457,DEPUTADO ESTADUAL,RICARDO DA KAROL,4
MAGE,148,140,DEPUTADO ESTADUAL,RICARDO DA KAROL,28
MAGE,110,390,DEPUTADO ESTADUAL,RICARDO DA KAROL,10
MAGE,110,485,DEPUTADO ESTADUAL,RICARDO DA KAROL,4
MAGE,110,501,DEPUTADO ESTADUAL,RICARDO DA KAROL,11
MAGE,110,454,DEPUTADO ESTADUAL,RICARDO DA KAROL,11
MAGE,148,262,DEPUTADO ESTADUAL,RICARDO DA KAROL,12
MAGE,148,63,DEPUTADO ESTADUAL,RICARDO DA KAROL,30
MAGE,148,212,DEPUTADO ESTADUAL,RICARDO DA KAROL,10
MAGE,148,107,DEPUTADO ESTADUAL,RICARDO DA KAROL,11
MAGE,110,121,DEPUTADO ESTADUAL,RICARDO DA KAROL,10
MAGE,110,288,DEPUTADO ESTADUAL,RICARDO DA KAROL,15
MAGE,148,171,DEPUTADO ESTADUAL,RICARDO DA KAROL,19
MAGE,148,276,DEPUTADO ESTADUAL,RICARDO DA KAROL,25
MAGE,148,216,DEPUTADO ESTADUAL,RICARDO DA KAROL,12
MAGE,110,245,DEPUTADO ESTADUAL,RICARDO DA KAROL,10
MAGE,148,15,DEPUTADO ESTADUAL,RICARDO DA KAROL,21
MAGE,148,27,DEPUTADO ESTADUAL,RICARDO DA KAROL,15
MAGE,110,119,DEPUTADO ESTADUAL,RICARDO DA KAROL,10
MAGE,110,541,DEPUTADO ESTADUAL,RICARDO DA KAROL,16
MAGE,148,11,DEPUTADO ESTADUAL,RICARDO DA KAROL,20
MAGE,148,155,DEPUTADO ESTADUAL,RICARDO DA KAROL,8
MAGE,148,204,DEPUTADO ESTADUAL,RICARDO DA KAROL,48
MAGE,110,467,DEPUTADO ESTADUAL,RICARDO DA KAROL,8
MAGE,148,132,DEPUTADO ESTADUAL,RICARDO DA KAROL,15
MAGE,110,11,DEPUTADO ESTADUAL,RICARDO DA KAROL,16
MAGE,110,24,DEPUTADO ESTADUAL,RICARDO DA KAROL,10
MAGE,148,42,DEPUTADO ESTADUAL,RICARDO DA KAROL,4
MAGE,110,305,DEPUTADO ESTADUAL,RICARDO DA KAROL,15
MAGE,110,392,DEPUTADO ESTADUAL,RICARDO DA KAROL,6
MAGE,110,427,DEPUTADO ESTADUAL,RICARDO DA KAROL,7
MAGE,148,279,DEPUTADO ESTADUAL,RICARDO DA KAROL,12
MAGE,110,473,DEPUTADO ESTADUAL,RICARDO DA KAROL,10
MAGE,148,7,DEPUTADO ESTADUAL,RICARDO DA KAROL,23
MAGE,148,230,DEPUTADO ESTADUAL,RICARDO DA KAROL,23
MAGE,148,242,DEPUTADO ESTADUAL,RICARDO DA KAROL,24
MAGE,110,451,DEPUTADO ESTADUAL,RICARDO DA KAROL,44
MAGE,110,524,DEPUTADO ESTADUAL,RICARDO DA KAROL,5
MAGE,148,264,DEPUTADO ESTADUAL,RICARDO DA KAROL,18
MAGE,148,179,DEPUTADO ESTADUAL,RICARDO DA KAROL,33
MAGE,148,97,DEPUTADO ESTADUAL,RICARDO DA KAROL,26
MAGE,110,43,DEPUTADO ESTADUAL,RICARDO DA KAROL,17
MAGE,148,48,DEPUTADO ESTADUAL,RICARDO DA KAROL,60
MAGE,148,102,DEPUTADO ESTADUAL,RICARDO DA KAROL,19
MAGE,148,181,DEPUTADO ESTADUAL,RICARDO DA KAROL,16
MAGE,148,223,DEPUTADO ESTADUAL,RICARDO DA KAROL,57
MAGE,148,268,DEPUTADO ESTADUAL,RICARDO DA KAROL,25
MAGE,110,103,DEPUTADO ESTADUAL,RICARDO DA KAROL,11
MAGE,110,532,DEPUTADO ESTADUAL,RICARDO DA KAROL,16
MAGE,148,56,DEPUTADO ESTADUAL,RICARDO DA KAROL,11
MAGE,110,448,DEPUTADO ESTADUAL,RICARDO DA KAROL,50
MAGE,110,400,DEPUTADO ESTADUAL,RICARDO DA KAROL,17
MAGE,110,17,DEPUTADO ESTADUAL,RICARDO DA KAROL,9
MAGE,110,30,DEPUTADO ESTADUAL,RICARDO DA KAROL,11
MAGE,110,396,DEPUTADO ESTADUAL,RICARDO DA KAROL,21
MAGE,110,271,DEPUTADO ESTADUAL,RICARDO DA KAROL,18
MAGE,148,33,DEPUTADO FEDERAL,MARCOS TAVARES,8
MAGE,110,493,DEPUTADO FEDERAL,MARCOS TAVARES,5
MAGE,110,404,DEPUTADO FEDERAL,MARCOS TAVARES,1
MAGE,110,241,DEPUTADO FEDERAL,MARCOS TAVARES,2
MAGE,110,3,DEPUTADO FEDERAL,MARCOS TAVARES,1
MAGE,110,403,DEPUTADO FEDERAL,MARCOS TAVARES,3
MAGE,148,197,DEPUTADO FEDERAL,MARCOS TAVARES,1
MAGE,110,18,DEPUTADO ESTADUAL,RICARDO DA KAROL,8
MAGE,110,460,DEPUTADO ESTADUAL,RICARDO DA KAROL,6
MAGE,110,113,DEPUTADO ESTADUAL,RICARDO DA KAROL,10
MAGE,110,324,DEPUTADO ESTADUAL,RICARDO DA KAROL,6
MAGE,148,261,DEPUTADO FEDERAL,MARCOS TAVARES,2
MAGE,148,78,DEPUTADO FEDERAL,MARCOS TAVARES,8
MAGE,110,125,DEPUTADO FEDERAL,MARCOS TAVARES,6
MAGE,110,36,DEPUTADO FEDERAL,MARCOS TAVARES,1
MAGE,110,540,DEPUTADO FEDERAL,MARCOS TAVARES,4
MAGE,148,150,DEPUTADO FEDERAL,MARCOS TAVARES,2
MAGE,148,265,DEPUTADO FEDERAL,MARCOS TAVARES,6
MAGE,148,278,DEPUTADO FEDERAL,MARCOS TAVARES,2
MAGE,110,542,DEPUTADO FEDERAL,MARCOS TAVARES,3
MAGE,148,100,DEPUTADO FEDERAL,MARCOS TAVARES,1
MAGE,148,59,DEPUTADO FEDERAL,MARCOS TAVARES,1
MAGE,110,283,DEPUTADO FEDERAL,MARCOS TAVARES,1
MAGE,110,7,DEPUTADO ESTADUAL,RICARDO DA KAROL,16
MAGE,110,105,DEPUTADO ESTADUAL,RICARDO DA KAROL,31
MAGE,148,26,DEPUTADO ESTADUAL,RICARDO DA KAROL,25
MAGE,148,174,DEPUTADO ESTADUAL,RICARDO DA KAROL,17
MAGE,110,559,DEPUTADO ESTADUAL,RICARDO DA KAROL,7
MAGE,148,138,DEPUTADO ESTADUAL,RICARDO DA KAROL,28
MAGE,110,470,DEPUTADO ESTADUAL,RICARDO DA KAROL,20
MAGE,148,127,DEPUTADO ESTADUAL,RICARDO DA KAROL,20
MAGE,148,255,DEPUTADO ESTADUAL,RICARDO DA KAROL,19
MAGE,110,387,DEPUTADO ESTADUAL,RICARDO DA KAROL,13
MAGE,110,107,DEPUTADO ESTADUAL,RICARDO DA KAROL,10
MAGE,110,468,DEPUTADO ESTADUAL,RICARDO DA KAROL,15
MAGE,148,68,DEPUTADO FEDERAL,MARCOS TAVARES,4
MAGE,110,430,DEPUTADO FEDERAL,MARCOS TAVARES,17
MAGE,148,104,DEPUTADO FEDERAL,MARCOS TAVARES,2
MAGE,110,122,DEPUTADO FEDERAL,MARCOS TAVARES,4
MAGE,148,58,DEPUTADO FEDERAL,MARCOS TAVARES,3
MAGE,110,520,DEPUTADO FEDERAL,MARCOS TAVARES,2
MAGE,110,250,DEPUTADO FEDERAL,MARCOS TAVARES,5
MAGE,148,196,DEPUTADO FEDERAL,MARCOS TAVARES,7
MAGE,110,238,DEPUTADO FEDERAL,MARCOS TAVARES,1
MAGE,148,91,DEPUTADO FEDERAL,MARCOS TAVARES,5
MAGE,110,434,DEPUTADO FEDERAL,MARCOS TAVARES,6
MAGE,148,90,DEPUTADO FEDERAL,MARCOS TAVARES,6
MAGE,110,10,DEPUTADO ESTADUAL,RICARDO DA KAROL,23
MAGE,148,14,DEPUTADO ESTADUAL,RICARDO DA KAROL,20
MAGE,110,478,DEPUTADO ESTADUAL,RICARDO DA KAROL,15
MAGE,148,215,DEPUTADO ESTADUAL,RICARDO DA KAROL,12
MAGE,110,534,DEPUTADO ESTADUAL,RICARDO DA KAROL,9
MAGE,148,187,DEPUTADO ESTADUAL,RICARDO DA KAROL,30
MAGE,148,258,DEPUTADO ESTADUAL,RICARDO DA KAROL,13
MAGE,148,18,DEPUTADO ESTADUAL,RICARDO DA KAROL,18
MAGE,110,351,DEPUTADO ESTADUAL,RICARDO DA KAROL,8
MAGE,148,285,DEPUTADO FEDERAL,MARCOS TAVARES,5
MAGE,110,408,DEPUTADO FEDERAL,MARCOS TAVARES,6
MAGE,148,89,DEPUTADO FEDERAL,MARCOS TAVARES,8
MAGE,110,414,DEPUTADO FEDERAL,MARCOS TAVARES,7
MAGE,148,12,DEPUTADO FEDERAL,MARCOS TAVARES,5
MAGE,110,407,DEPUTADO FEDERAL,MARCOS TAVARES,2
MAGE,110,117,DEPUTADO FEDERAL,MARCOS TAVARES,2
MAGE,110,268,DEPUTADO FEDERAL,MARCOS TAVARES,1
MAGE,110,543,DEPUTADO FEDERAL,MARCOS TAVARES,1
MAGE,110,393,DEPUTADO ESTADUAL,RICARDO DA KAROL,16
MAGE,110,27,DEPUTADO ESTADUAL,RICARDO DA KAROL,10
MAGE,110,531,DEPUTADO ESTADUAL,RICARDO DA KAROL,5
MAGE,148,94,DEPUTADO ESTADUAL,RICARDO DA KAROL,17
MAGE,110,538,DEPUTADO ESTADUAL,RICARDO DA KAROL,17
MAGE,148,284,DEPUTADO ESTADUAL,RICARDO DA KAROL,11
MAGE,148,169,DEPUTADO ESTADUAL,RICARDO DA KAROL,16
MAGE,110,402,DEPUTADO ESTADUAL,RICARDO DA KAROL,18
MAGE,110,406,DEPUTADO ESTADUAL,RICARDO DA KAROL,30
MAGE,148,214,DEPUTADO ESTADUAL,RICARDO DA KAROL,8
MAGE,110,462,DEPUTADO ESTADUAL,RICARDO DA KAROL,57
MAGE,148,4,DEPUTADO ESTADUAL,RICARDO DA KAROL,17
MAGE,110,522,DEPUTADO ESTADUAL,RICARDO DA KAROL,18
MAGE,110,226,DEPUTADO ESTADUAL,RICARDO DA KAROL,11
MAGE,148,115,DEPUTADO ESTADUAL,RICARDO DA KAROL,32
MAGE,148,228,DEPUTADO ESTADUAL,RICARDO DA KAROL,22
MAGE,110,528,DEPUTADO ESTADUAL,RICARDO DA KAROL,14
MAGE,148,39,DEPUTADO ESTADUAL,RICARDO DA KAROL,18
MAGE,148,168,DEPUTADO ESTADUAL,RICARDO DA KAROL,34
MAGE,110,429,DEPUTADO ESTADUAL,RICARDO DA KAROL,10
MAGE,148,24,DEPUTADO ESTADUAL,RICARDO DA KAROL,17
MAGE,148,232,DEPUTADO ESTADUAL,RICARDO DA KAROL,9
MAGE,148,65,DEPUTADO ESTADUAL,RICARDO DA KAROL,12
MAGE,110,298,DEPUTADO ESTADUAL,RICARDO DA KAROL,15
MAGE,148,235,DEPUTADO ESTADUAL,RICARDO DA KAROL,12
MAGE,110,453,DEPUTADO ESTADUAL,RICARDO DA KAROL,11
MAGE,110,334,DEPUTADO ESTADUAL,RICARDO DA KAROL,8
MAGE,110,450,DEPUTADO ESTADUAL,RICARDO DA KAROL,9
MAGE,148,38,DEPUTADO ESTADUAL,RICARDO DA KAROL,17
MAGE,148,2,DEPUTADO ESTADUAL,RICARDO DA KAROL,4
MAGE,110,316,DEPUTADO ESTADUAL,RICARDO DA KAROL,37
MAGE,148,148,DEPUTADO ESTADUAL,RICARDO DA KAROL,25
MAGE,148,205,DEPUTADO ESTADUAL,RICARDO DA KAROL,4
MAGE,148,210,DEPUTADO ESTADUAL,RICARDO DA KAROL,26
MAGE,110,367,DEPUTADO ESTADUAL,RICARDO DA KAROL,10
MAGE,148,144,DEPUTADO ESTADUAL,RICARDO DA KAROL,28
MAGE,148,157,DEPUTADO ESTADUAL,RICARDO DA KAROL,18
MAGE,110,318,DEPUTADO ESTADUAL,RICARDO DA KAROL,26
MAGE,110,106,DEPUTADO ESTADUAL,RICARDO DA KAROL,6
MAGE,148,20,DEPUTADO ESTADUAL,RICARDO DA KAROL,21
MAGE,110,278,DEPUTADO ESTADUAL,RICARDO DA KAROL,13
MAGE,110,25,DEPUTADO ESTADUAL,RICARDO DA KAROL,6
MAGE,110,114,DEPUTADO ESTADUAL,RICARDO DA KAROL,11
MAGE,110,19,DEPUTADO ESTADUAL,RICARDO DA KAROL,13
MAGE,148,159,DEPUTADO ESTADUAL,RICARDO DA KAROL,36
MAGE,110,446,DEPUTADO ESTADUAL,RICARDO DA KAROL,11
MAGE,110,479,DEPUTADO ESTADUAL,RICARDO DA KAROL,12
MAGE,110,503,DEPUTADO ESTADUAL,RICARDO DA KAROL,10
MAGE,110,497,DEPUTADO ESTADUAL,RICARDO DA KAROL,21
MAGE,148,256,DEPUTADO ESTADUAL,RICARDO DA KAROL,33
MAGE,110,48,DEPUTADO ESTADUAL,RICARDO DA KAROL,27
MAGE,148,281,DEPUTADO ESTADUAL,RICARDO DA KAROL,29
MAGE,148,79,DEPUTADO ESTADUAL,RICARDO DA KAROL,22
MAGE,148,86,DEPUTADO ESTADUAL,RICARDO DA KAROL,27
MAGE,110,120,DEPUTADO ESTADUAL,RICARDO DA KAROL,17
MAGE,148,125,DEPUTADO ESTADUAL,RICARDO DA KAROL,45
MAGE,148,3,DEPUTADO ESTADUAL,RICARDO DA KAROL,18
MAGE,148,176,DEPUTADO ESTADUAL,RICARDO DA KAROL,60
MAGE,148,122,DEPUTADO ESTADUAL,RICARDO DA KAROL,18
MAGE,148,6,DEPUTADO ESTADUAL,RICARDO DA KAROL,25
MAGE,148,143,DEPUTADO FEDERAL,MARCOS TAVARES,3
MAGE,110,475,DEPUTADO FEDERAL,MARCOS TAVARES,2
MAGE,148,21,DEPUTADO FEDERAL,MARCOS TAVARES,2
MAGE,110,384,DEPUTADO FEDERAL,MARCOS TAVARES,2
MAGE,110,539,DEPUTADO FEDERAL,MARCOS TAVARES,1
MAGE,148,67,DEPUTADO FEDERAL,MARCOS TAVARES,1
MAGE,148,32,DEPUTADO FEDERAL,MARCOS TAVARES,5
MAGE,148,188,DEPUTADO FEDERAL,MARCOS TAVARES,2
MAGE,148,209,DEPUTADO FEDERAL,MARCOS TAVARES,12
MAGE,110,34,DEPUTADO FEDERAL,MARCOS TAVARES,5
MAGE,148,185,DEPUTADO FEDERAL,MARCOS TAVARES,7
MAGE,110,456,DEPUTADO FEDERAL,MARCOS TAVARES,15
MAGE,110,512,DEPUTADO FEDERAL,MARCOS TAVARES,1
MAGE,110,428,DEPUTADO FEDERAL,MARCOS TAVARES,4
MAGE,110,330,DEPUTADO FEDERAL,MARCOS TAVARES,1
MAGE,110,447,DEPUTADO FEDERAL,MARCOS TAVARES,1
MAGE,110,535,DEPUTADO FEDERAL,MARCOS TAVARES,3
MAGE,148,167,DEPUTADO FEDERAL,MARCOS TAVARES,6
MAGE,110,463,DEPUTADO FEDERAL,MARCOS TAVARES,5
MAGE,110,488,DEPUTADO FEDERAL,MARCOS TAVARES,4
MAGE,110,509,DEPUTADO FEDERAL,MARCOS TAVARES,5
MAGE,148,208,DEPUTADO FEDERAL,MARCOS TAVARES,5
MAGE,110,517,DEPUTADO FEDERAL,MARCOS TAVARES,2
MAGE,148,271,DEPUTADO FEDERAL,MARCOS TAVARES,5
MAGE,148,133,DEPUTADO ESTADUAL,RICARDO DA KAROL,15
MAGE,148,141,DEPUTADO ESTADUAL,RICARDO DA KAROL,9
MAGE,110,14,DEPUTADO ESTADUAL,RICARDO DA KAROL,5
MAGE,110,486,DEPUTADO ESTADUAL,RICARDO DA KAROL,14
MAGE,110,556,DEPUTADO ESTADUAL,RICARDO DA KAROL,13
MAGE,110,484,DEPUTADO ESTADUAL,RICARDO DA KAROL,11
MAGE,110,118,DEPUTADO ESTADUAL,RICARDO DA KAROL,9
MAGE,110,424,DEPUTADO ESTADUAL,RICARDO DA KAROL,2
MAGE,110,8,DEPUTADO ESTADUAL,RICARDO DA KAROL,17
MAGE,110,395,DEPUTADO ESTADUAL,RICARDO DA KAROL,6
MAGE,110,530,DEPUTADO ESTADUAL,RICARDO DA KAROL,5
MAGE,110,442,DEPUTADO ESTADUAL,RICARDO DA KAROL,11
MAGE,110,240,DEPUTADO ESTADUAL,RICARDO DA KAROL,12
MAGE,148,129,DEPUTADO ESTADUAL,RICARDO DA KAROL,8
MAGE,148,47,DEPUTADO ESTADUAL,RICARDO DA KAROL,12
MAGE,148,110,DEPUTADO ESTADUAL,RICARDO DA KAROL,31
MAGE,110,26,DEPUTADO ESTADUAL,RICARDO DA KAROL,8
MAGE,148,184,DEPUTADO ESTADUAL,RICARDO DA KAROL,14
MAGE,110,515,DEPUTADO ESTADUAL,RICARDO DA KAROL,8
MAGE,148,193,DEPUTADO ESTADUAL,RICARDO DA KAROL,14
MAGE,110,459,DEPUTADO ESTADUAL,RICARDO DA KAROL,12
MAGE,110,405,DEPUTADO ESTADUAL,RICARDO DA KAROL,6
MAGE,110,110,DEPUTADO ESTADUAL,RICARDO DA KAROL,11
MAGE,148,164,DEPUTADO ESTADUAL,RICARDO DA KAROL,46
MAGE,148,113,DEPUTADO ESTADUAL,RICARDO DA KAROL,20
MAGE,110,525,DEPUTADO ESTADUAL,RICARDO DA KAROL,13
MAGE,148,201,DEPUTADO ESTADUAL,RICARDO DA KAROL,9
MAGE,110,127,DEPUTADO ESTADUAL,RICARDO DA KAROL,5
MAGE,110,444,DEPUTADO ESTADUAL,RICARDO DA KAROL,26
MAGE,110,560,DEPUTADO ESTADUAL,RICARDO DA KAROL,2
MAGE,148,135,DEPUTADO ESTADUAL,RICARDO DA KAROL,31
MAGE,110,51,DEPUTADO ESTADUAL,RICARDO DA KAROL,11
MAGE,148,240,DEPUTADO ESTADUAL,RICARDO DA KAROL,22
MAGE,148,28,DEPUTADO ESTADUAL,RICARDO DA KAROL,26
MAGE,148,29,DEPUTADO ESTADUAL,RICARDO DA KAROL,16
MAGE,148,61,DEPUTADO ESTADUAL,RICARDO DA KAROL,28
MAGE,110,533,DEPUTADO ESTADUAL,RICARDO DA KAROL,9
MAGE,110,529,DEPUTADO ESTADUAL,RICARDO DA KAROL,12
MAGE,110,516,DEPUTADO ESTADUAL,RICARDO DA KAROL,5
MAGE,148,243,DEPUTADO ESTADUAL,RICARDO DA KAROL,7
MAGE,148,282,DEPUTADO ESTADUAL,RICARDO DA KAROL,26
MAGE,148,130,DEPUTADO ESTADUAL,RICARDO DA KAROL,10
MAGE,148,236,DEPUTADO ESTADUAL,RICARDO DA KAROL,30
MAGE,110,508,DEPUTADO ESTADUAL,RICARDO DA KAROL,9
MAGE,110,331,DEPUTADO ESTADUAL,RICARDO DA KAROL,8
MAGE,110,12,DEPUTADO ESTADUAL,RICARDO DA KAROL,19
MAGE,148,257,DEPUTADO ESTADUAL,RICARDO DA KAROL,17
MAGE,148,182,DEPUTADO ESTADUAL,RICARDO DA KAROL,12
MAGE,148,87,DEPUTADO ESTADUAL,RICARDO DA KAROL,24
MAGE,110,394,DEPUTADO ESTADUAL,RICARDO DA KAROL,7
MAGE,148,145,DEPUTADO ESTADUAL,RICARDO DA KAROL,17
MAGE,148,149,DEPUTADO ESTADUAL,RICARDO DA KAROL,34
MAGE,148,245,DEPUTADO ESTADUAL,RICARDO DA KAROL,28
MAGE,148,103,DEPUTADO ESTADUAL,RICARDO DA KAROL,19
MAGE,148,224,DEPUTADO ESTADUAL,RICARDO DA KAROL,21
MAGE,148,252,DEPUTADO ESTADUAL,RICARDO DA KAROL,58
MAGE,110,412,DEPUTADO ESTADUAL,RICARDO DA KAROL,4
MAGE,110,401,DEPUTADO ESTADUAL,RICARDO DA KAROL,7
MAGE,110,496,DEPUTADO ESTADUAL,RICARDO DA KAROL,11
MAGE,110,39,DEPUTADO ESTADUAL,RICARDO DA KAROL,6
MAGE,110,45,DEPUTADO ESTADUAL,RICARDO DA KAROL,8
MAGE,148,192,DEPUTADO ESTADUAL,RICARDO DA KAROL,17
MAGE,110,477,DEPUTADO ESTADUAL,RICARDO DA KAROL,20
MAGE,110,443,DEPUTADO ESTADUAL,RICARDO DA KAROL,21
MAGE,148,64,DEPUTADO ESTADUAL,RICARDO DA KAROL,29
MAGE,110,489,DEPUTADO ESTADUAL,RICARDO DA KAROL,17
MAGE,148,62,DEPUTADO ESTADUAL,RICARDO DA KAROL,19
MAGE,148,37,DEPUTADO ESTADUAL,RICARDO DA KAROL,58
MAGE,148,177,DEPUTADO ESTADUAL,RICARDO DA KAROL,15
MAGE,110,6,DEPUTADO ESTADUAL,RICARDO DA KAROL,12
MAGE,110,439,DEPUTADO ESTADUAL,RICARDO DA KAROL,8
MAGE,148,233,DEPUTADO ESTADUAL,RICARDO DA KAROL,21
MAGE,110,555,DEPUTADO ESTADUAL,RICARDO DA KAROL,18
MAGE,110,420,DEPUTADO ESTADUAL,RICARDO DA KAROL,6
MAGE,110,23,DEPUTADO ESTADUAL,RICARDO DA KAROL,11
MAGE,110,32,DEPUTADO ESTADUAL,RICARDO DA KAROL,9
MAGE,110,126,DEPUTADO ESTADUAL,RICARDO DA KAROL,12
MAGE,148,124,DEPUTADO ESTADUAL,RICARDO DA KAROL,29
MAGE,148,180,DEPUTADO ESTADUAL,RICARDO DA KAROL,19
MAGE,148,126,DEPUTADO ESTADUAL,RICARDO DA KAROL,25
